rank,character
id,汉字
1,的
2,一
3,是
4,不
5,了
6,在
7,有
8,人
9,这
10,上
11,大
12,来
13,和
14,我
15,个
16,中
17,地
18,为
19,他
20,生
21,要
22,们
23,以
24,到
25,国
26,时
27,就
28,出
29,说
30,会
31,也
32,子
33,学
34,发
35,着
36,对
37,作
38,能
39,可
40,于
41,成
42,用
43,过
44,动
45,主
46,下
47,而
48,年
49,分
50,得
51,家
52,种
53,里
54,多
55,经
56,自
57,现
58,同
59,后
60,产
61,方
62,工
63,行
64,面
65,那
66,小
67,所
68,起
69,去
70,之
71,都
72,然
73,理
74,进
75,体
76,还
77,定
78,实
79,如
80,么
81,物
82,法
83,你
84,好
85,性
86,民
87,从
88,天
89,化
90,等
91,力
92,本
93,长
94,心
95,把
96,部
97,义
98,样
99,事
100,看
101,业
102,当
103,因
104,高
105,十
106,开
107,些
108,社
109,前
110,又
111,它
112,水
113,其
114,没
115,想
116,意
117,三
118,只
119,重
120,点
121,与
122,使
123,但
124,度
125,由
126,道
127,全
128,制
129,明
130,相
131,两
132,情
133,外
134,间
135,二
136,关
137,活
138,正
139,合
140,者
141,形
142,应
143,头
144,无
145,量
146,表
147,象
148,气
149,文
150,展
151,系
152,代
153,加
154,各
155,很
156,教
157,新
158,向
159,机
160,她
161,内
162,此
163,老
164,变
165,原
166,结
167,问
168,手
169,日
170,利
171,质
172,已
173,最
174,政
175,儿
176,见
177,并
178,平
179,资
180,比
181,特
182,果
183,什
184,建
185,反
186,常
187,知
188,第
189,电
190,思
191,立
192,提
193,或
194,通
195,解
196,身
197,四
198,品
199,几
200,位
201,别
202,论
203,公
204,给
205,少
206,条
207,观
208,回
209,海
210,基
211,次
212,被
213,山
214,才
215,己
216,期
217,西
218,术
219,济
220,认
221,先
222,命
223,走
224,真
225,员
226,及
227,数
228,话
229,门
230,级
231,军
232,统
233,光
234,声
235,题
236,入
237,美
238,口
239,感
240,战
241,科
242,程
243,式
244,指
245,世
246,必
247,放
248,打
249,接
250,总
251,做
252,东
253,区
254,农
255,强
256,造
257,类
258,受
259,场
260,五
261,直
262,月
263,流
264,决
265,干
266,则
267,更
268,色
269,处
270,路
271,运
272,任
273,具
274,目
275,再
276,治
277,神
278,求
279,件
280,管
281,组
282,根
283,阶
284,将
285,改
286,导
287,眼
288,规
289,识
290,革
291,计
292,白
293,马
294,金
295,界
296,取
297,市
298,设
299,语
300,完
301,究
302,党
303,女
304,传
305,风
306,信
307,名
308,便
309,保
310,育
311,队
312,带
313,叫
314,研
315,领
316,北
317,较
318,张
319,即
320,至
321,许
322,步
323,往
324,听
325,调
326,务
327,花
328,争
329,线
330,呢
331,每
332,边
333,难
334,太
335,共
336,交
337,确
338,劳
339,据
340,达
341,住
342,收
343,候
344,需
345,转
346,百
347,南
348,清
349,格
350,影
351,书
352,切
353,且
354,却
355,志
356,热
357,联
358,安
359,极
360,今
361,单
362,商
363,料
364,技
365,深
366,验
367,增
368,记
369,近
370,言
371,整
372,精
373,集
374,空
375,连
376,报
377,觉
378,车
379,价
380,音
381,响
382,办
383,存
384,怎
385,病
386,快
387,图
388,况
389,例
390,消
391,容
392,史
393,非
394,离
395,节
396,亲
397,万
398,八
399,构
400,族
401,石
402,满
403,何
404,广
405,律
406,青
407,林
408,克
409,王
410,历
411,权
412,素
413,始
414,断
415,九
416,际
417,积
418,吃
419,态
420,艺
421,证
422,众
423,创
424,红
425,望
426,须
427,群
428,师
429,该
430,复
431,细
432,包
433,土
434,持
435,服
436,笑
437,德
438,般
439,远
440,爱
441,准
442,写
443,算
444,火
445,死
446,半
447,布
448,随
449,六
450,元
451,低
452,称
453,引
454,照
455,失
456,养
457,视
458,习
459,段
460,字
461,织
462,斗
463,团
464,器
465,兴
466,乐
467,效
468,显
469,斯
470,千
471,落
472,示
473,仅
474,企
475,似
476,备
477,除
478,支
479,标
480,早
481,吧
482,周
483,速
484,跟
485,七
486,采
487,状
488,吗
489,约
490,城
491,层
492,专
493,划
494,轻
495,拉
496,值
497,适
498,英
499,告
500,讲
501,维
502,营
503,士
504,环
505,古
506,让
507,院
508,按
509,型
510,势
511,足
512,毛
513,台
514,紧
515,片
516,属
517,严
518,树
519,画
520,厂
521,功
522,注
523,演
524,源
525,温
526,某
527,找
528,参
529,易
530,飞
531,推
532,围
533,列
534,客
535,河
536,虽
537,境
538,食
539,李
540,尔
541,黄
542,黑
543,念
544,越
545,选
546,华
547,角
548,考
549,致
550,夫
551,初
552,装
553,议
554,首
555,委
556,底
557,另
558,江
559,息
560,密
561,压
562,孩
563,村
564,费
565,局
566,派
567,房
568,星
569,突
570,供
571,曾
572,排
573,苦
574,够
575,像
576,站
577,校
578,富
579,谈
580,米
581,充
582,阳
583,破
584,母
585,球
586,射
587,批
588,配
589,纪
590,未
591,哪
592,妈
593,差
594,刚
595,率
596,察
597,舞
598,依
599,占
600,呀
601,微
602,础
603,益
604,倒
605,刻
606,举
607,血
608,故
609,互
610,范
611,木
612,号
613,尽
614,请
615,脸
616,兵
617,职
618,留
619,铁
620,吸
621,钱
622,急
623,独
624,剧
625,查
626,皮
627,激
628,坐
629,乎
630,固
631,害
632,夜
633,续
634,京
635,双
636,拿
637,府
638,限
639,草
640,项
641,述
642,曲
643,既
644,春
645,官
646,坚
647,令
648,句
649,助
650,简
651,杂
652,材
653,封
654,护
655,司
656,省
657,县
658,模
659,试
660,绝
661,洋
662,谁
663,继
664,止
665,喜
666,优
667,词
668,陈
669,鱼
670,终
671,施
672,晚
673,朝
674,含
675,仍
676,脑
677,甚
678,汉
679,修
680,油
681,衣
682,击
683,云
684,送
685,巴
686,普
687,征
688,错
689,均
690,投
691,波
692,余
693,友
694,武
695,责
696,游
697,敌
698,叶
699,船
700,久
701,否
702,异
703,块
704,脚
705,怕
706,田
707,策
708,苏
709,乡
710,帝
711,靠
712,医
713,测
714,植
715,啊
716,括
717,换
718,逐
719,娘
720,罗
721,戏
722,善
723,获
724,待
725,降
726,冲
727,父
728,置
729,左
730,右
731,沉
732,酸
733,亮
734,良
735,班
736,著
737,亚
738,抗
739,啦
740,静
741,渐
742,概
743,居
744,跑
745,旧
746,防
747,买
748,挥
749,负
750,帮
751,欢
752,冷
753,液
754,停
755,减
756,男
757,胜
758,答
759,析
760,忙
761,短
762,烈
763,映
764,财
765,背
766,奇
767,药
768,承
769,岁
770,略
771,穿
772,牛
773,室
774,移
775,饭
776,坏
777,假
778,州
779,缺
780,愿
781,练
782,超
783,雨
784,慢
785,竟
786,呼
787,散
788,灵
789,副
790,歌
791,谓
792,虫
793,读
794,介
795,培
796,卫
797,宗
798,章
799,评
800,伤
801,丰
802,核
803,预
804,担
805,诉
806,惊
807,刘
808,景
809,乱
810,氧
811,阿
812,龙
813,宣
814,升
815,爷
816,洲
817,判
818,案
819,协
820,福
821,货
822,味
823,若
824,促
825,希
826,握
827,端
828,针
829,屋
830,掌
831,检
832,痛
833,闻
834,妇
835,贵
836,顾
837,沙
838,扩
839,困
840,哥
841,嘴
842,销
843,印
844,免
845,烟
846,跳
847,香
848,纸
849,户
850,板
851,睛
852,误
853,探
854,座
855,盾
856,灯
857,搞
858,祖
859,顺
860,婚
861,赶
862,季
863,兰
864,忽
865,践
866,熟
867,矛
868,银
869,爸
870,临
871,佛
872,犯
873,胞
874,讨
875,陆
876,补
877,童
878,圆
879,归
880,弟
881,域
882,索
883,罪
884,脱
885,追
886,守
887,课
888,顶
889,松
890,杀
891,掉
892,野
893,训
894,遍
895,庭
896,弱
897,赛
898,额
899,酒
900,绿
901,席
902,露
903,卖
904,钟
905,旁
906,肉
907,央
908,染
909,欧
910,怀
911,稳
912,伯
913,编
914,抓
915,玉
916,咱
917,唯
918,唱
919,翻
920,释
921,控
922,怪
923,阵
924,烧
925,堂
926,杨
927,您
928,诗
929,灭
930,夏
931,敢
932,退
933,姑
934,恶
935,透
936,鲜
937,附
938,骨
939,审
940,胡
941,输
942,宁
943,丝
944,姐
945,彩
946,睡
947,巨
948,迫
949,鼓
950,伙
951,借
952,耳
953,典
954,刺
955,暗
956,镜
957,序
958,哈
959,菜
960,溶
961,笔
962,汽
963,礼
964,摇
965,迅
966,险
967,遗
968,威
969,沿
970,弹
971,私
972,攻
973,宝
974,抽
975,雪
976,孙
977,藏
978,毒
979,顿
980,末
981,摆
982,趣
983,救
984,镇
985,楼
986,智
987,园
988,康
989,永
990,遇
991,雄
992,替
993,危
994,楚
995,侵
996,枪
997,冰
998,健
999,播
1000,途
1001,损
1002,秀
1003,丽
1004,秋
1005,执
1006,束
1007,纳
1008,虑
1009,疑
1010,午
1011,粮
1012,架
1013,盛
1014,湖
1015,尚
1016,床
1017,份
1018,套
1019,毫
1020,奋
1021,扬
1022,赵
1023,混
1024,献
1025,择
1026,庄
1027,殖
1028,店
1029,皇
1030,购
1031,缩
1032,盐
1033,冬
1034,齐
1035,径
1036,偏
1037,盖
1038,款
1039,衡
1040,阻
1041,托
1042,喊
1043,繁
1044,纯
1045,牙
1046,殊
1047,浪
1048,招
1049,符
1050,折
1051,泽
1052,弄
1053,奶
1054,谢
1055,累
1056,亦
1057,厚
1058,朋
1059,伸
1060,筑
1061,闪
1062,枝
1063,授
1064,蛋
1065,潮
1066,登
1067,售
1068,孔
1069,街
1070,败
1071,迎
1072,肥
1073,恩
1074,尼
1075,幼
1076,惯
1077,钢
1078,肯
1079,矿
1080,岛
1081,伟
1082,粉
1083,振
1084,吴
1085,夺
1086,尤
1087,忘
1088,荣
1089,亡
1090,阴
1091,凡
1092,毕
1093,暴
1094,唐
1095,勇
1096,避
1097,麻
1098,股
1099,硬
1100,洞
1101,盘
1102,轮
1103,警
1104,闹
1105,录
1106,绍
1107,描
1108,寻
1109,妹
1110,幸
1111,壁
1112,距
1113,玩
1114,休
1115,延
1116,综
1117,甲
1118,泛
1119,哲
1120,载
1121,雷
1122,窗
1123,虚
1124,秘
1125,俗
1126,倾
1127,哭
1128,禁
1129,零
1130,触
1131,巧
1132,圈
1133,努
1134,喝
1135,彻
1136,晶
1137,丁
1138,操
1139,奴
1140,宜
1141,菌
1142,叔
1143,桥
1144,仿
1145,默
1146,航
1147,谷
1148,泪
1149,予
1150,挂
1151,壮
1152,纷
1153,粒
1154,燃
1155,诸
1156,削
1157,苗
1158,婆
1159,付
1160,迷
1161,馆
1162,灰
1163,鸡
1164,岸
1165,寒
1166,泥
1167,梅
1168,残
1169,税
1170,虎
1171,庆
1172,抱
1173,鸟
1174,拍
1175,墙
1176,缓
1177,横
1178,尾
1179,督
1180,莫
1181,械
1182,尖
1183,旅
1184,倍
1185,措
1186,剥
1187,遭
1188,懂
1189,粗
1190,奏
1191,润
1192,侧
1193,辩
1194,茶
1195,鬼
1196,梦
1197,贯
1198,篇
1199,妻
1200,宽
1201,腿
1202,刀
1203,桌
1204,浓
1205,跃
1206,蹈
1207,洗
1208,卷
1209,欲
1210,袋
1211,赏
1212,悲
1213,劲
1214,鲁
1215,赞
1216,氏
1217,汇
1218,迹
1219,竞
1220,醒
1221,裂
1222,闭
1223,森
1224,腰
1225,磁
1226,湿
1227,聚
1228,兄
1229,徐
1230,炼
1231,订
1232,川
1233,吹
1234,蒙
1235,胸
1236,召
1237,伴
1238,徒
1239,幅
1240,疗
1241,淡
1242,奖
1243,仪
1244,珠
1245,绪
1246,蒋
1247,猪
1248,剂
1249,访
1250,狗
1251,摸
1252,趋
1253,宋
1254,伏
1255,棉
1256,恐
1257,羊
1258,碳
1259,隔
1260,网
1261,猛
1262,爬
1263,缘
1264,麦
1265,库
1266,津
1267,监
1268,薄
1269,净
1270,旋
1271,贫
1272,罢
1273,穷
1274,乏
1275,挑
1276,废
1277,汗
1278,耗
1279,尊
1280,牌
1281,抢
1282,软
1283,隶
1284,宇
1285,圣
1286,港
1287,欣
1288,塞
1289,刑
1290,博
1291,揭
1292,垂
1293,姓
1294,捕
1295,荒
1296,诚
1297,炮
1298,呈
1299,辑
1300,卡
1301,伦
1302,蓝
1303,抬
1304,宫
1305,敬
1306,版
1307,忍
1308,颜
1309,竹
1310,碰
1311,启
1312,票
1313,隐
1314,抵
1315,脉
1316,浮
1317,煤
1318,剩
1319,珍
1320,奔
1321,堆
1322,扎
1323,谋
1324,貌
1325,脏
1326,逃
1327,洪
1328,旗
1329,潜
1330,鼻
1331,忆
1332,湾
1333,绩
1334,恰
1335,坦
1336,怒
1337,震
1338,豆
1339,插
1340,戴
1341,涉
1342,绘
1343,瓦
1344,龄
1345,池
1346,沟
1347,呵
1348,伍
1349,氢
1350,拥
1351,乘
1352,吉
1353,尺
1354,朱
1355,蒸
1356,舍
1357,贡
1358,糊
1359,梁
1360,漫
1361,腾
1362,症
1363,丈
1364,钻
1365,磨
1366,井
1367,艰
1368,键
1369,绕
1370,幕
1371,斤
1372,污
1373,贝
1374,冒
1375,阔
1376,胆
1377,渡
1378,碍
1379,崇
1380,愈
1381,岩
1382,玻
1383,碎
1384,宪
1385,俄
1386,障
1387,融
1388,贸
1389,耐
1390,届
1391,寄
1392,荡
1393,币
1394,俩
1395,卵
1396,弃
1397,悄
1398,偶
1399,纵
1400,陷
1401,坡
1402,勤
1403,享
1404,塑
1405,膜
1406,铜
1407,拖
1408,暖
1409,稍
1410,摩
1411,硫
1412,哩
1413,乌
1414,循
1415,妙
1416,疾
1417,肩
1418,炎
1419,偷
1420,赤
1421,灾
1422,恒
1423,孤
1424,仁
1425,腔
1426,杯
1427,乃
1428,稀
1429,恢
1430,违
1431,伊
1432,挺
1433,乙
1434,拜
1435,焦
1436,锋
1437,铺
1438,颗
1439,滑
1440,敏
1441,洁
1442,嘛
1443,凝
1444,凉
1445,杜
1446,凭
1447,勒
1448,爆
1449,递
1450,鞋
1451,迁
1452,秦
1453,桂
1454,璃
1455,摄
1456,叹
1457,峰
1458,牧
1459,恨
1460,糖
1461,骂
1462,贴
1463,紫
1464,壤
1465,辛
1466,仰
1467,腐
1468,割
1469,辈
1470,君
1471,泡
1472,郭
1473,呆
1474,番
1475,励
1476,乳
1477,亿
1478,兼
1479,昨
1480,刊
1481,擦
1482,迟
1483,拔
1484,丹
1485,彼
1486,搬
1487,眉
1488,滴
1489,朵
1490,畜
1491,遵
1492,逻
1493,患
1494,奥
1495,耕
1496,忠
1497,鉴
1498,挤
1499,滚
1500,壳
1501,厅
1502,旦
1503,炸
1504,塔
1505,频
1506,弯
1507,狂
1508,陶
1509,晓
1510,柳
1511,炉
1512,宏
1513,愤
1514,瞧
1515,箱
1516,扑
1517,暂
1518,盆
1519,瓶
1520,柱
1521,辉
1522,雅
1523,衰
1524,洛
1525,朗
1526,琴
1527,腹
1528,牲
1529,黎
1530,肃
1531,雾
1532,冠
1533,伪
1534,幻
1535,仔
1536,杰
1537,烦
1538,悟
1539,荷
1540,晨
1541,甘
1542,饱
1543,飘
1544,芳
1545,肌
1546,舒
1547,惜
1548,丧
1549,肚
1550,灌
1551,抑
1552,鸣
1553,辞
1554,宙
1555,邻
1556,昌
1557,扫
1558,赖
1559,泉
1560,肠
1561,鼠
1562,援
1563,墨
1564,啥
1565,祥
1566,储
1567,萨
1568,裁
1569,奉
1570,傅
1571,姿
1572,埋
1573,亩
1574,犹
1575,瓜
1576,咬
1577,粘
1578,芽
1579,吐
1580,昆
1581,估
1582,租
1583,碗
1584,轨
1585,稻
1586,纲
1587,役
1588,勃
1589,毁
1590,烂
1591,昏
1592,隆
1593,饰
1594,曹
1595,仙
1596,夹
1597,爹
1598,郑
1599,闲
1600,柔
1601,吓
1602,嫂
1603,巩
1604,亏
1605,帽
1606,浅
1607,详
1608,斜
1609,佳
1610,饮
1611,猫
1612,杆
1613,恋
1614,凤
1615,缝
1616,疏
1617,扶
1618,厉
1619,喷
1620,截
1621,扰
1622,拨
1623,雕
1624,码
1625,瑞
1626,讯
1627,莲
1628,邦
1629,贷
1630,丢
1631,慌
1632,寿
1633,毅
1634,漂
1635,屈
1636,涂
1637,蜂
1638,猎
1639,氯
1640,劝
1641,柴
1642,悉
1643,狠
1644,岗
1645,饲
1646,祝
1647,皆
1648,罚
1649,躺
1650,桃
1651,猴
1652,宿
1653,锅
1654,胶
1655,偿
1656,宾
1657,译
1658,袭
1659,串
1660,申
1661,捉
1662,挖
1663,窝
1664,踏
1665,邓
1666,允
1667,舌
1668,溜
1669,驻
1670,膀
1671,渔
1672,纠
1673,冻
1674,扭
1675,臣
1676,埃
1677,辐
1678,闷
1679,涨
1680,签
1681,秒
1682,贺
1683,耀
1684,辨
1685,燕
1686,慰
1687,颇
1688,债
1689,肺
1690,逼
1691,魂
1692,匆
1693,旺
1694,姻
1695,吞
1696,甜
1697,吨
1698,搭
1699,屏
1700,掩
1701,涌
1702,袁
1703,汤
1704,岭
1705,拟
1706,慧
1707,郎
1708,瘦
1709,阅
1710,辆
1711,填
1712,袖
1713,匀
1714,娃
1715,筒
1716,豪
1717,籍
1718,餐
1719,轰
1720,尘
1721,敲
1722,帐
1723,撞
1724,钠
1725,牢
1726,肿
1727,盲
1728,腊
1729,锐
1730,返
1731,骗
1732,骑
1733,扣
1734,寺
1735,沈
1736,醉
1737,纹
1738,纺
1739,泰
1740,盟
1741,辟
1742,丛
1743,拒
1744,忧
1745,魏
1746,躲
1747,纤
1748,肖
1749,悬
1750,旱
1751,晋
1752,祭
1753,誉
1754,谱
1755,箭
1756,狭
1757,饿
1758,驱
1759,冯
1760,脂
1761,斥
1762,肤
1763,椅
1764,栽
1765,仗
1766,墓
1767,舅
1768,碱
1769,兽
1770,锁
1771,喂
1772,抛
1773,苍
1774,臂
1775,溪
1776,胖
1777,伐
1778,汪
1779,刷
1780,稿
1781,绳
1782,剪
1783,唤
1784,凶
1785,邮
1786,齿
1787,尝
1788,漠
1789,怨
1790,络
1791,撤
1792,撒
1793,筹
1794,幽
1795,渗
1796,蛇
1797,诱
1798,抚
1799,磷
1800,逆
1801,牵
1802,诊
1803,惨
1804,抖
1805,庙
1806,株
1807,浑
1808,驶
1809,泼
1810,厌
1811,怜
1812,疲
1813,厘
1814,叙
1815,嫁
1816,跨
1817,惠
1818,哀
1819,胃
1820,蜜
1821,梯
1822,诺
1823,悠
1824,滩
1825,笼
1826,添
1827,陪
1828,挨
1829,拳
1830,晃
1831,寂
1832,倡
1833,催
1834,朴
1835,郁
1836,脊
1837,扇
1838,仓
1839,魔
1840,哎
1841,蓄
1842,棵
1843,胀
1844,眠
1845,劣
1846,秩
1847,塘
1848,孟
1849,媳
1850,廷
1851,铃
1852,胎
1853,抹
1854,吵
1855,肢
1856,拾
1857,聪
1858,寨
1859,翠
1860,赫
1861,尿
1862,疼
1863,览
1864,狼
1865,轴
1866,锦
1867,夸
1868,剑
1869,牺
1870,翼
1871,卧
1872,曼
1873,姆
1874,匠
1875,熊
1876,搜
1877,盈
1878,覆
1879,唇
1880,驾
1881,腺
1882,辅
1883,枯
1884,鞭
1885,翅
1886,喘
1887,肝
1888,掘
1889,歪
1890,欺
1891,疆
1892,赋
1893,婶
1894,畅
1895,葡
1896,脾
1897,哼
1898,柜
1899,兔
1900,顽
1901,藻
1902,鸭
1903,页
1904,谐
1905,侦
1906,仇
1907,睁
1908,茫
1909,拼
1910,炭
1911,锡
1912,弦
1913,滋
1914,锻
1915,脆
1916,裤
1917,卢
1918,萌
1919,骤
1920,悦
1921,氮
1922,葬
1923,棒
1924,渠
1925,诞
1926,斑
1927,浩
1928,盒
1929,遥
1930,颤
1931,扮
1932,扯
1933,颈
1934,玲
1935,丑
1936,摊
1937,桑
1938,盗
1939,柏
1940,唉
1941,戒
1942,凌
1943,羽
1944,胁
1945,捷
1946,皱
1947,堡
1948,嚷
1949,挣
1950,淋
1951,陵
1952,彭
1953,茂
1954,吊
1955,愁
1956,巡
1957,寸
1958,纱
1959,惑
1960,董
1961,勾
1962,昂
1963,阐
1964,纬
1965,逢
1966,披
1967,恼
1968,佩
1969,妥
1970,萄
1971,迈
1972,坛
1973,署
1974,姨
1975,肾
1976,仲
1977,邀
1978,莱
1979,辽
1980,阀
1981,猜
1982,弥
1983,瞪
1984,韩
1985,臭
1986,脖
1987,掏
1988,妨
1989,燥
1990,酷
1991,蚁
1992,鸿
1993,棚
1994,芦
1995,漏
1996,凯
1997,浸
1998,舰
1999,狱
2000,踪
2001,氛
2002,摘
2003,御
2004,蔡
2005,扔
2006,硝
2007,裕
2008,氨
2009,竭
2010,蚕
2011,疯
2012,坑
2013,愉
2014,矮
2015,嘉
2016,掠
2017,泄
2018,叉
2019,渴
2020,冶
2021,囊
2022,辣
2023,菊
2024,凑
2025,歇
2026,嘻
2027,雇
2028,婴
2029,泌
2030,痕
2031,亭
2032,跌
2033,夕
2034,册
2035,螺
2036,贮
2037,淀
2038,贪
2039,庞
2040,铝
2041,砖
2042,僚
2043,涛
2044,耶
2045,艳
2046,玛
2047,拆
2048,绵
2049,遮
2050,慎
2051,贾
2052,贤
2053,糟
2054,鹿
2055,霸
2056,匹
2057,挡
2058,舱
2059,咳
2060,雀
2061,赴
2062,蚀
2063,咽
2064,饥
2065,鹰
2066,询
2067,嘿
2068,函
2069,堪
2070,嗓
2071,嫩
2072,晴
2073,蹲
2074,辖
2075,豫
2076,酬
2077,剖
2078,钾
2079,尸
2080,胚
2081,悔
2082,雌
2083,哦
2084,惩
2085,漆
2086,篮
2087,链
2088,筋
2089,摔
2090,遂
2091,叠
2092,霍
2093,垄
2094,匪
2095,侯
2096,巾
2097,贞
2098,丘
2099,滞
2100,洒
2101,纽
2102,蓬
2103,浙
2104,潘
2105,娜
2106,矩
2107,闯
2108,盼
2109,叛
2110,履
2111,霞
2112,菲
2113,瞬
2114,奸
2115,砍
2116,敦
2117,浆
2118,儒
2119,拓
2120,僧
2121,棋
2122,芬
2123,俺
2124,慈
2125,萧
2126,蛮
2127,郊
2128,勉
2129,钉
2130,缠
2131,盯
2132,吾
2133,咕
2134,膨
2135,堵
2136,卜
2137,扁
2138,葛
2139,哟
2140,寡
2141,鄂
2142,驰
2143,桶
2144,晒
2145,慕
2146,栏
2147,霜
2148,谊
2149,哇
2150,畴
2151,隙
2152,孝
2153,押
2154,竖
2155,喉
2156,欠
2157,衫
2158,吕
2159,旬
2160,韵
2161,霉
2162,邪
2163,孕
2164,穆
2165,硅
2166,峡
2167,湘
2168,澳
2169,羞
2170,惧
2171,慨
2172,穴
2173,捞
2174,辱
2175,棍
2176,撑
2177,炕
2178,窄
2179,崖
2180,俱
2181,宅
2182,陕
2183,爽
2184,鹅
2185,晰
2186,0
2187,巢
2188,绒
2189,疫
2190,茎
2191,苹
2192,捧
2193,忌
2194,搏
2195,奈
2196,躯
2197,惹
2198,焰
2199,岂
2200,甫
2201,艾
2202,拦
2203,趁
2204,缚
2205,祸
2206,橡
2207,碧
2208,卑
2209,攀
2210,饼
2211,蔬
2212,譬
2213,灶
2214,赔
2215,粪
2216,颠
2217,曰
2218,媒
2219,殿
2220,蛙
2221,衬
2222,钩
2223,逝
2224,哑
2225,艇
2226,罩
2227,裸
2228,岳
2229,庸
2230,嫌
2231,窃
2232,涵
2233,砂
2234,梨
2235,泊
2236,遣
2237,熔
2238,廉
2239,傲
2240,傻
2241,畏
2242,缴
2243,钙
2244,铅
2245,乔
2246,懒
2247,萍
2248,莉
2249,挽
2250,凄
2251,刮
2252,卓
2253,档
2254,妄
2255,劫
2256,阁
2257,掀
2258,哗
2259,藤
2260,吟
2261,杏
2262,颂
2263,梢
2264,罕
2265,沸
2266,滨
2267,翔
2268,汁
2269,戈
2270,愚
2271,○
2272,秧
2273,抒
2274,弊
2275,姜
2276,拘
2277,贩
2278,框
2279,屁
2280,喻
2281,嘱
2282,垫
2283,迪
2284,契
2285,弗
2286,瑶
2287,赌
2288,堤
2289,哄
2290,旨
2291,晕
2292,凳
2293,址
2294,彪
2295,踢
2296,俊
2297,韦
2298,贼
2299,稚
2300,蝶
2301,账
2302,凹
2303,帕
2304,携
2305,茅
2306,枢
2307,溃
2308,哨
2309,枚
2310,驳
2311,歧
2312,抄
2313,弓
2314,稼
2315,颁
2316,徽
2317,杠
2318,泳
2319,蜡
2320,吻
2321,沾
2322,绣
2323,叮
2324,谨
2325,厨
2326,拐
2327,宴
2328,鸦
2329,衷
2330,戚
2331,粹
2332,碑
2333,煮
2334,蕾
2335,淑
2336,逸
2337,翁
2338,倘
2339,恳
2340,逊
2341,趟
2342,讼
2343,衍
2344,蔽
2345,胳
2346,罐
2347,裙
2348,龟
2349,奠
2350,颌
2351,驴
2352,撕
2353,蒂
2354,姚
2355,滥
2356,恭
2357,耻
2358,蕴
2359,骄
2360,煌
2361,冤
2362,瞎
2363,娇
2364,杭
2365,倦
2366,愧
2367,淮
2368,柯
2369,聊
2370,侨
2371,萝
2372,惟
2373,谅
2374,瘤
2375,蚂
2376,崔
2377,廊
2378,溉
2379,铸
2380,髓
2381,碌
2382,拢
2383,沫
2384,帅
2385,坟
2386,娱
2387,吏
2388,峻
2389,昼
2390,歉
2391,刹
2392,坝
2393,栖
2394,捐
2395,渊
2396,傍
2397,叭
2398,鸽
2399,淘
2400,轿
2401,呜
2402,宰
2403,谦
2404,玄
2405,丙
2406,愣
2407,朽
2408,跪
2409,券
2410,寓
2411,捏
2412,搅
2413,笨
2414,槽
2415,咋
2416,厦
2417,爪
2418,奎
2419,榜
2420,屠
2421,耸
2422,驼
2423,甩
2424,逮
2425,殷
2426,赚
2427,歼
2428,孢
2429,僵
2430,矣
2431,锤
2432,浴
2433,呐
2434,兹
2435,坎
2436,珊
2437,苯
2438,垦
2439,兜
2440,禅
2441,芝
2442,吁
2443,酶
2444,舆
2445,惶
2446,咐
2447,瓷
2448,陌
2449,颖
2450,帘
2451,摧
2452,赢
2453,裹
2454,瞅
2455,卸
2456,兆
2457,咧
2458,噢
2459,仆
2460,膊
2461,醇
2462,饶
2463,嗯
2464,篷
2465,膝
2466,肪
2467,寞
2468,挫
2469,俯
2470,桔
2471,蚊
2472,熙
2473,巷
2474,眨
2475,烛
2476,踩
2477,缸
2478,屯
2479,顷
2480,鼎
2481,砸
2482,乾
2483,咸
2484,沃
2485,衔
2486,俘
2487,熬
2488,喇
2489,芒
2490,钓
2491,侍
2492,禽
2493,桩
2494,灿
2495,吼
2496,泣
2497,讽
2498,凸
2499,谭
2500,敞
2501,聘
2502,哺
2503,癌
2504,浦
2505,躁
2506,卿
2507,勘
2508,窜
2509,溢
2510,舟
2511,楞
2512,虹
2513,蛛
2514,耍
2515,饵
2516,烷
2517,骚
2518,枣
2519,浇
2520,崩
2521,蹦
2522,褐
2523,嘎
2524,俭
2525,仑
2526,窟
2527,陡
2528,荫
2529,嚼
2530,倩
2531,钦
2532,弧
2533,涡
2534,潭
2535,坊
2536,缔
2537,廓
2538,佐
2539,夷
2540,眯
2541,枕
2542,捣
2543,蹄
2544,猩
2545,狐
2546,柄
2547,穗
2548,伞
2549,拚
2550,浊
2551,壶
2552,冈
2553,搁
2554,屑
2555,谬
2556,拱
2557,魁
2558,祀
2559,荧
2560,誓
2561,斋
2562,虾
2563,绸
2564,魄
2565,娟
2566,姊
2567,秃
2568,泻
2569,鹏
2570,蟹
2571,斌
2572,灼
2573,扛
2574,镁
2575,瓣
2576,艘
2577,捆
2578,膏
2579,苇
2580,厢
2581,妮
2582,蒲
2583,啸
2584,劈
2585,滤
2586,葱
2587,栗
2588,袍
2589,耽
2590,痴
2591,颊
2592,猿
2593,沪
2594,怯
2595,垒
2596,芭
2597,蔑
2598,絮
2599,咯
2600,笛
2601,嘲
2602,爵
2603,瞒
2604,冀
2605,赐
2606,酿
2607,烫
2608,惕
2609,逗
2610,挪
2611,吱
2612,淫
2613,糕
2614,剿
2615,拣
2616,琼
2617,塌
2618,渣
2619,澄
2620,赠
2621,媚
2622,荐
2623,暑
2624,鹤
2625,绅
2626,讶
2627,凿
2628,烁
2629,狮
2630,乒
2631,薛
2632,侮
2633,阎
2634,嗽
2635,朦
2636,喃
2637,埔
2638,蝇
2639,锣
2640,炒
2641,娶
2642,棕
2643,韧
2644,礁
2645,陀
2646,肆
2647,乖
2648,禄
2649,骆
2650,驯
2651,匙
2652,萎
2653,舶
2654,滔
2655,卤
2656,摹
2657,昔
2658,陋
2659,雁
2660,耿
2661,裳
2662,崭
2663,妆
2664,勋
2665,侣
2666,闸
2667,贬
2668,痰
2669,喧
2670,膛
2671,胧
2672,辫
2673,烯
2674,丫
2675,铀
2676,甸
2677,犁
2678,幢
2679,窑
2680,羡
2681,坪
2682,缀
2683,坤
2684,汹
2685,柑
2686,淹
2687,杉
2688,棺
2689,怖
2690,腻
2691,薯
2692,锈
2693,魅
2694,炳
2695,洽
2696,诵
2697,咪
2698,椎
2699,畔
2700,玫
2701,柿
2702,帜
2703,桐
2704,襟
2705,筷
2706,帆
2707,唔
2708,匈
2709,嵌
2710,梳
2711,鳞
2712,佣
2713,莎
2714,熄
2715,砌
2716,昧
2717,噪
2718,簧
2719,婉
2720,毯
2721,孵
2722,憾
2723,谎
2724,坠
2725,煞
2726,藉
2727,嗡
2728,绑
2729,妖
2730,蝴
2731,瑰
2732,揉
2733,苔
2734,拌
2735,莹
2736,昭
2737,汰
2738,拂
2739,嗅
2740,钮
2741,鄙
2742,撰
2743,盏
2744,烘
2745,谣
2746,稣
2747,竿
2748,皖
2749,锥
2750,烃
2751,犬
2752,喀
2753,-
2754,皂
2755,蔓
2756,蕊
2757,疮
2758,咒
2759,僻
2760,炯
2761,寇
2762,铭
2763,薪
2764,恍
2765,辰
2766,祈
2767,迭
2768,豁
2769,斩
2770,屡
2771,啼
2772,椒
2773,啡
2774,稽
2775,烤
2776,澡
2777,籽
2778,洼
2779,茨
2780,榴
2781,唾
2782,巫
2783,乞
2784,焊
2785,杖
2786,贱
2787,咚
2788,蜘
2789,扒
2790,隋
2791,晌
2792,暮
2793,涤
2794,茧
2795,拴
2796,闽
2797,叨
2798,伽
2799,喳
2800,腕
2801,斧
2802,怔
2803,咖
2804,啄
2805,溯
2806,踱
2807,沦
2808,锄
2809,畸
2810,脓
2811,疙
2812,炊
2813,擅
2814,粤
2815,虏
2816,豹
2817,榨
2818,棱
2819,簇
2820,莺
2821,撇
2822,绎
2823,尉
2824,柬
2825,涩
2826,乓
2827,觅
2828,茄
2829,涯
2830,狩
2831,憎
2832,蔚
2833,挚
2834,姥
2835,袄
2836,捡
2837,旷
2838,镶
2839,碘
2840,袜
2841,丸
2842,糙
2843,鲸
2844,铵
2845,倚
2846,矢
2847,锌
2848,褂
2849,牡
2850,硕
2851,憨
2852,淌
2853,禾
2854,尹
2855,荆
2856,苟
2857,聋
2858,潇
2859,庐
2860,煎
2861,勿
2862,彬
2863,醋
2864,梭
2865,秉
2866,嗦
2867,掷
2868,悼
2869,噜
2870,茵
2871,蓉
2872,矫
2873,憋
2874,翘
2875,琢
2876,挠
2877,吭
2878,兑
2879,蔗
2880,瑟
2881,痒
2882,琐
2883,酋
2884,廖
2885,璋
2886,槐
2887,闺
2888,拧
2889,彰
2890,菱
2891,呕
2892,瘩
2893,筐
2894,搂
2895,焚
2896,迄
2897,垮
2898,缕
2899,谜
2900,钥
2901,嘟
2902,蠢
2903,Ｏ
2904,蛤
2905,馈
2906,咨
2907,敷
2908,缅
2909,聂
2910,宠
2911,禧
2912,沼
2913,巍
2914,榆
2915,宛
2916,绷
2917,俞
2918,眶
2919,吩
2920,筛
2921,菩
2922,钞
2923,诈
2924,嗨
2925,葫
2926,佃
2927,酱
2928,颓
2929,渺
2930,揽
2931,躬
2932,歹
2933,焕
2934,啪
2935,溅
2936,栋
2937,沛
2938,砚
2939,霖
2940,囚
2941,侄
2942,妃
2943,氓
2944,狡
2945,瞥
2946,沁
2947,揣
2948,峭
2949,樱
2950,禹
2951,岔
2952,暇
2953,檐
2954,澜
2955,涅
2956,粥
2957,馏
2958,嗜
2959,笃
2960,麟
2961,铲
2962,寅
2963,剔
2964,尧
2965,扼
2966,赣
2967,稠
2968,屿
2969,胺
2970,帖
2971,堕
2972,亥
2973,揪
2974,梧
2975,麓
2976,瀑
2977,窍
2978,懈
2979,淤
2980,腮
2981,腥
2982,绞
2983,鹃
2984,卒
2985,蕉
2986,枫
2987,脯
2988,腑
2989,碟
2990,莽
2991,毙
2992,婷
2993,磕
2994,熏
2995,酵
2996,薇
2997,溴
2998,弛
2999,挟
3000,棘
