id,汉字,出现次数,频率（%）,累积频率（%）
1,的,759834,4.8867,4.8867
2,一,218650,1.4062,6.2929
3,是,204548,1.3155,7.6084
4,不,166481,1.0707,8.6791
5,了,147981,0.9517,9.6308
6,在,143951,0.9258,10.5566
7,有,141221,0.9082,11.4648
8,人,121628,0.7822,12.247
9,这,118473,0.7619,13.0089
10,上,93773,0.6031,13.612
11,大,90830,0.5842,14.1962
12,来,89806,0.5776,14.7738
13,和,89644,0.5765,15.3503
14,我,89561,0.576,15.9263
15,个,88999,0.5724,16.4987
16,中,84897,0.546,17.0447
17,地,83575,0.5375,17.5822
18,为,83201,0.5351,18.1173
19,他,76432,0.4916,18.6089
20,生,76261,0.4905,19.0994
21,要,75230,0.4838,19.5832
22,们,74062,0.4763,20.0595
23,以,72998,0.4695,20.529
24,到,72392,0.4656,20.9946
25,国,67651,0.4351,21.4297
26,时,67073,0.4314,21.8611
27,就,65678,0.4224,22.2835
28,出,62060,0.3991,22.6826
29,说,60811,0.3911,23.0737
30,会,59732,0.3842,23.4579
31,也,58203,0.3743,23.8322
32,子,57123,0.3674,24.1996
33,学,55984,0.36,24.5596
34,发,55875,0.3593,24.9189
35,着,55666,0.358,25.2769
36,对,54649,0.3515,25.6284
37,作,54616,0.3512,25.9796
38,能,54355,0.3496,26.3292
39,可,54066,0.3477,26.6769
40,于,53387,0.3433,27.0202
41,成,53259,0.3425,27.3627
42,用,52866,0.34,27.7027
43,过,50574,0.3253,28.028
44,动,50395,0.3241,28.3521
45,主,50249,0.3232,28.6753
46,下,49733,0.3198,28.9951
47,而,49418,0.3178,29.3129
48,年,47441,0.3051,29.618
49,分,46501,0.2991,29.9171
50,得,46297,0.2977,30.2148
51,家,45991,0.2958,30.5106
52,种,45686,0.2938,30.8044
53,里,45585,0.2932,31.0976
54,多,44206,0.2843,31.3819
55,经,43430,0.2793,31.6612
56,自,43412,0.2792,31.9404
57,现,43040,0.2768,32.2172
58,同,42903,0.2759,32.4931
59,后,42643,0.2742,32.7673
60,产,42449,0.273,33.0403
61,方,41222,0.2651,33.3054
62,工,40196,0.2585,33.5639
63,行,38811,0.2496,33.8135
64,面,38643,0.2485,34.062
65,那,38600,0.2482,34.3102
66,小,38190,0.2456,34.5558
67,所,38088,0.245,34.8008
68,起,37939,0.244,35.0448
69,去,37349,0.2402,35.285
70,之,37152,0.2389,35.5239
71,都,36919,0.2374,35.7613
72,然,36802,0.2367,35.998
73,理,36313,0.2335,36.2315
74,进,36069,0.232,36.4635
75,体,36013,0.2316,36.6951
76,还,35552,0.2286,36.9237
77,定,35474,0.2281,37.1518
78,实,35331,0.2272,37.379
79,如,34418,0.2214,37.6004
80,么,33817,0.2175,37.8179
81,物,33687,0.2166,38.0345
82,法,33568,0.2159,38.2504
83,你,33449,0.2151,38.4655
84,好,33058,0.2126,38.6781
85,性,33034,0.2125,38.8906
86,民,32893,0.2115,39.1021
87,从,32796,0.2109,39.313
88,天,32508,0.2091,39.5221
89,化,32404,0.2084,39.7305
90,等,32364,0.2081,39.9386
91,力,32108,0.2065,40.1451
92,本,31740,0.2041,40.3492
93,长,31680,0.2037,40.5529
94,心,31417,0.2021,40.755
95,把,31134,0.2002,40.9552
96,部,31050,0.1997,41.1549
97,义,30754,0.1978,41.3527
98,样,30607,0.1968,41.5495
99,事,30452,0.1958,41.7453
100,看,30442,0.1958,41.9411
101,业,30353,0.1952,42.1363
102,当,30099,0.1936,42.3299
103,因,29929,0.1925,42.5224
104,高,29423,0.1892,42.7116
105,十,29368,0.1889,42.9005
106,开,29338,0.1887,43.0892
107,些,29300,0.1884,43.2776
108,社,28633,0.1841,43.4617
109,前,28420,0.1828,43.6445
110,又,28112,0.1808,43.8253
111,它,28078,0.1806,44.0059
112,水,27878,0.1793,44.1852
113,其,27842,0.1791,44.3643
114,没,27717,0.1783,44.5426
115,想,27478,0.1767,44.7193
116,意,26999,0.1736,44.8929
117,三,26687,0.1716,45.0645
118,只,26560,0.1708,45.2353
119,重,25987,0.1671,45.4024
120,点,25848,0.1662,45.5686
121,与,25294,0.1627,45.7313
122,使,25286,0.1626,45.8939
123,但,25236,0.1623,46.0562
124,度,25107,0.1615,46.2177
125,由,24919,0.1603,46.378
126,道,24900,0.1601,46.5381
127,全,24874,0.16,46.6981
128,制,24547,0.1579,46.856
129,明,24518,0.1577,47.0137
130,相,24486,0.1575,47.1712
131,两,24478,0.1574,47.3286
132,情,24325,0.1564,47.485
133,外,24250,0.156,47.641
134,间,24201,0.1556,47.7966
135,二,23915,0.1538,47.9504
136,关,23883,0.1536,48.104
137,活,23458,0.1509,48.2549
138,正,23423,0.1506,48.4055
139,合,23391,0.1504,48.5559
140,者,23169,0.149,48.7049
141,形,23160,0.1489,48.8538
142,应,23073,0.1484,49.0022
143,头,23068,0.1484,49.1506
144,无,22963,0.1477,49.2983
145,量,22942,0.1475,49.4458
146,表,22841,0.1469,49.5927
147,象,22612,0.1454,49.7381
148,气,22327,0.1436,49.8817
149,文,22300,0.1434,50.0251
150,展,22240,0.143,50.1681
151,系,21911,0.1409,50.309
152,代,21806,0.1402,50.4492
153,加,21601,0.1389,50.5881
154,各,21596,0.1389,50.727
155,很,21577,0.1388,50.8658
156,教,21550,0.1386,51.0044
157,新,21526,0.1384,51.1428
158,向,21480,0.1381,51.2809
159,机,21183,0.1362,51.4171
160,她,21183,0.1362,51.5533
161,内,21104,0.1357,51.689
162,此,21040,0.1353,51.8243
163,老,20822,0.1339,51.9582
164,变,20368,0.131,52.0892
165,原,20335,0.1308,52.22
166,结,19853,0.1277,52.3477
167,问,19390,0.1247,52.4724
168,手,19325,0.1243,52.5967
169,日,19295,0.1241,52.7208
170,利,19280,0.124,52.8448
171,质,19186,0.1234,52.9682
172,已,19102,0.1228,53.091
173,最,19092,0.1228,53.2138
174,政,19085,0.1227,53.3365
175,儿,18769,0.1207,53.4572
176,见,18754,0.1206,53.5778
177,并,18720,0.1204,53.6982
178,平,18695,0.1202,53.8184
179,资,18646,0.1199,53.9383
180,比,18628,0.1198,54.0581
181,特,18600,0.1196,54.1777
182,果,18573,0.1194,54.2971
183,什,18335,0.1179,54.415
184,建,18330,0.1179,54.5329
185,反,18308,0.1177,54.6506
186,常,18225,0.1172,54.7678
187,知,18188,0.117,54.8848
188,第,18101,0.1164,55.0012
189,电,18077,0.1163,55.1175
190,思,17947,0.1154,55.2329
191,立,17846,0.1148,55.3477
192,提,17783,0.1144,55.4621
193,或,17650,0.1135,55.5756
194,通,17613,0.1133,55.6889
195,解,17501,0.1126,55.8015
196,身,17302,0.1113,55.9128
197,四,17259,0.111,56.0238
198,品,17122,0.1101,56.1339
199,几,17072,0.1098,56.2437
200,位,17071,0.1098,56.3535
201,别,17060,0.1097,56.4632
202,论,16822,0.1082,56.5714
203,公,16789,0.108,56.6794
204,给,16738,0.1076,56.787
205,少,16385,0.1054,56.8924
206,条,16307,0.1049,56.9973
207,观,16133,0.1038,57.1011
208,回,16122,0.1037,57.2048
209,海,16022,0.103,57.3078
210,基,15916,0.1024,57.4102
211,次,15871,0.1021,57.5123
212,被,15573,0.1002,57.6125
213,山,15554,0.1,57.7125
214,才,15485,0.0996,57.8121
215,己,15444,0.0993,57.9114
216,期,15373,0.0989,58.0103
217,西,15352,0.0987,58.109
218,术,15296,0.0984,58.2074
219,济,15268,0.0982,58.3056
220,认,15238,0.098,58.4036
221,先,15198,0.0977,58.5013
222,命,15130,0.0973,58.5986
223,走,14963,0.0962,58.6948
224,真,14943,0.0961,58.7909
225,员,14901,0.0958,58.8867
226,及,14897,0.0958,58.9825
227,数,14890,0.0958,59.0783
228,话,14887,0.0957,59.174
229,门,14813,0.0953,59.2693
230,级,14752,0.0949,59.3642
231,军,14740,0.0948,59.459
232,统,14654,0.0942,59.5532
233,光,14642,0.0942,59.6474
234,声,14566,0.0937,59.7411
235,题,14565,0.0937,59.8348
236,入,14520,0.0934,59.9282
237,美,14489,0.0932,60.0214
238,口,14338,0.0922,60.1136
239,感,14318,0.0921,60.2057
240,战,14290,0.0919,60.2976
241,科,14238,0.0916,60.3892
242,程,14209,0.0914,60.4806
243,式,14197,0.0913,60.5719
244,指,14152,0.091,60.6629
245,世,14109,0.0907,60.7536
246,必,14049,0.0904,60.844
247,放,14014,0.0901,60.9341
248,打,13960,0.0898,61.0239
249,接,13934,0.0896,61.1135
250,总,13934,0.0896,61.2031
251,做,13912,0.0895,61.2926
252,东,13902,0.0894,61.382
253,区,13858,0.0891,61.4711
254,农,13819,0.0889,61.56
255,强,13769,0.0886,61.6486
256,造,13747,0.0884,61.737
257,类,13634,0.0877,61.8247
258,受,13597,0.0874,61.9121
259,场,13558,0.0872,61.9993
260,五,13498,0.0868,62.0861
261,直,13427,0.0864,62.1725
262,月,13322,0.0857,62.2582
263,流,13320,0.0857,62.3439
264,决,13280,0.0854,62.4293
265,干,13275,0.0854,62.5147
266,则,13257,0.0853,62.6
267,更,13224,0.085,62.685
268,色,13202,0.0849,62.7699
269,处,13127,0.0844,62.8543
270,路,13102,0.0843,62.9386
271,运,13094,0.0842,63.0228
272,任,12999,0.0836,63.1064
273,具,12988,0.0835,63.1899
274,目,12980,0.0835,63.2734
275,再,12904,0.083,63.3564
276,治,12767,0.0821,63.4385
277,神,12762,0.0821,63.5206
278,求,12753,0.082,63.6026
279,件,12745,0.082,63.6846
280,管,12692,0.0816,63.7662
281,组,12604,0.0811,63.8473
282,根,12576,0.0809,63.9282
283,阶,12535,0.0806,64.0088
284,将,12534,0.0806,64.0894
285,改,12531,0.0806,64.17
286,导,12525,0.0806,64.2506
287,眼,12518,0.0805,64.3311
288,规,12500,0.0804,64.4115
289,识,12488,0.0803,64.4918
290,革,12368,0.0795,64.5713
291,计,12073,0.0776,64.6489
292,白,12067,0.0776,64.7265
293,马,12014,0.0773,64.8038
294,金,11964,0.0769,64.8807
295,界,11896,0.0765,64.9572
296,取,11882,0.0764,65.0336
297,市,11874,0.0764,65.11
298,设,11857,0.0763,65.2626
299,语,11857,0.0763,65.1863
300,完,11828,0.0761,65.3387
301,究,11753,0.0756,65.4143
302,党,11734,0.0755,65.4898
303,女,11717,0.0754,65.5652
304,传,11661,0.075,65.6402
305,风,11590,0.0745,65.7147
306,信,11572,0.0744,65.7891
307,名,11541,0.0742,65.8633
308,便,11508,0.074,65.9373
309,保,11480,0.0738,66.0111
310,育,11442,0.0736,66.0847
311,队,11438,0.0736,66.1583
312,带,11407,0.0734,66.2317
313,叫,11323,0.0728,66.3045
314,研,11262,0.0724,66.3769
315,领,11150,0.0717,66.4486
316,北,11061,0.0711,66.5197
317,较,11043,0.071,66.5907
318,张,11012,0.0708,66.6615
319,即,10974,0.0706,66.7321
320,至,10970,0.0706,66.8027
321,许,10917,0.0702,66.8729
322,步,10872,0.0699,66.9428
323,往,10811,0.0695,67.0123
324,听,10786,0.0694,67.0817
325,调,10766,0.0692,67.1509
326,务,10743,0.0691,67.22
327,花,10710,0.0689,67.2889
328,争,10697,0.0688,67.3577
329,线,10691,0.0688,67.4265
330,呢,10623,0.0683,67.4948
331,每,10593,0.0681,67.5629
332,边,10572,0.068,67.6309
333,难,10546,0.0678,67.6987
334,太,10525,0.0677,67.7664
335,共,10500,0.0675,67.8339
336,交,10488,0.0675,67.9014
337,确,10484,0.0674,67.9688
338,劳,10396,0.0669,68.0357
339,据,10344,0.0665,68.1022
340,达,10319,0.0664,68.1686
341,住,10281,0.0661,68.2347
342,收,10204,0.0656,68.3003
343,候,10199,0.0656,68.3659
344,需,10191,0.0655,68.4314
345,转,10174,0.0654,68.4968
346,百,10071,0.0648,68.5616
347,南,10033,0.0645,68.6261
348,清,10010,0.0644,68.6905
349,格,9945,0.064,68.7545
350,影,9929,0.0639,68.8184
351,书,9927,0.0638,68.8822
352,切,9918,0.0638,68.946
353,且,9898,0.0637,69.0097
354,却,9896,0.0636,69.0733
355,志,9881,0.0635,69.1368
356,热,9860,0.0634,69.2002
357,联,9857,0.0634,69.2636
358,安,9855,0.0634,69.327
359,极,9852,0.0634,69.3904
360,今,9780,0.0629,69.4533
361,单,9754,0.0627,69.516
362,商,9735,0.0626,69.5786
363,料,9653,0.0621,69.6407
364,技,9646,0.062,69.7027
365,深,9600,0.0617,69.7644
366,验,9589,0.0617,69.8261
367,增,9571,0.0616,69.8877
368,记,9569,0.0615,69.9492
369,近,9565,0.0615,70.0107
370,言,9564,0.0615,70.0722
371,整,9520,0.0612,70.1334
372,精,9514,0.0612,70.1946
373,集,9478,0.061,70.2556
374,空,9433,0.0607,70.3163
375,连,9419,0.0606,70.3769
376,报,9411,0.0605,70.4374
377,觉,9363,0.0602,70.4976
378,车,9335,0.06,70.5576
379,价,9298,0.0598,70.6174
380,音,9280,0.0597,70.6771
381,响,9253,0.0595,70.7366
382,办,9247,0.0595,70.7961
383,存,9247,0.0595,70.8556
384,怎,9170,0.059,70.9146
385,病,9158,0.0589,70.9735
386,快,9110,0.0586,71.0321
387,图,9104,0.0586,71.0907
388,况,8957,0.0576,71.1483
389,例,8908,0.0573,71.2056
390,消,8854,0.0569,71.2625
391,容,8835,0.0568,71.3193
392,史,8821,0.0567,71.376
393,非,8814,0.0567,71.4327
394,离,8781,0.0565,71.4892
395,节,8778,0.0565,71.5457
396,亲,8769,0.0564,71.6021
397,万,8766,0.0564,71.6585
398,八,8761,0.0563,71.7148
399,构,8747,0.0563,71.7711
400,族,8744,0.0562,71.8273
401,石,8727,0.0561,71.8834
402,满,8701,0.056,71.9394
403,何,8660,0.0557,71.9951
404,广,8646,0.0556,72.0507
405,律,8597,0.0553,72.106
406,青,8568,0.0551,72.1611
407,林,8513,0.0547,72.2158
408,克,8494,0.0546,72.2704
409,王,8491,0.0546,72.325
410,历,8455,0.0544,72.3794
411,权,8446,0.0543,72.4337
412,素,8434,0.0542,72.4879
413,始,8376,0.0539,72.5418
414,断,8330,0.0536,72.5954
415,九,8252,0.0531,72.6485
416,际,8249,0.0531,72.7016
417,积,8219,0.0529,72.7545
418,吃,8176,0.0526,72.8071
419,态,8165,0.0525,72.9121
420,艺,8165,0.0525,72.8596
421,证,8161,0.0525,72.9646
422,众,8159,0.0525,73.0171
423,创,8135,0.0523,73.0694
424,红,8127,0.0523,73.1217
425,望,8110,0.0522,73.1739
426,须,8105,0.0521,73.226
427,群,8056,0.0518,73.2778
428,师,8047,0.0518,73.3296
429,该,8028,0.0516,73.3812
430,复,7986,0.0514,73.4326
431,细,7984,0.0513,73.4839
432,包,7983,0.0513,73.5352
433,土,7982,0.0513,73.5865
434,持,7976,0.0513,73.6378
435,服,7962,0.0512,73.689
436,笑,7944,0.0511,73.7401
437,德,7923,0.051,73.7911
438,般,7896,0.0508,73.8419
439,远,7863,0.0506,73.8925
440,爱,7850,0.0505,73.943
441,准,7754,0.0499,73.9929
442,写,7734,0.0497,74.0426
443,算,7663,0.0493,74.0919
444,火,7655,0.0492,74.1411
445,死,7623,0.049,74.1901
446,半,7622,0.049,74.2391
447,布,7610,0.0489,74.288
448,随,7598,0.0489,74.3369
449,六,7583,0.0488,74.3857
450,元,7581,0.0488,74.4345
451,低,7573,0.0487,74.4832
452,称,7571,0.0487,74.5319
453,引,7550,0.0486,74.5805
454,照,7534,0.0485,74.629
455,失,7495,0.0482,74.6772
456,养,7485,0.0481,74.7253
457,视,7472,0.0481,74.7734
458,习,7466,0.048,74.8214
459,段,7456,0.048,74.8694
460,字,7428,0.0478,74.9172
461,织,7420,0.0477,74.9649
462,斗,7350,0.0473,75.0122
463,团,7279,0.0468,75.059
464,器,7262,0.0467,75.1057
465,兴,7236,0.0465,75.1522
466,乐,7211,0.0464,75.1986
467,效,7207,0.0464,75.245
468,显,7164,0.0461,75.2911
469,斯,7158,0.046,75.3371
470,千,7094,0.0456,75.3827
471,落,7075,0.0455,75.4282
472,示,7058,0.0454,75.4736
473,仅,7057,0.0454,75.519
474,企,7052,0.0454,75.5644
475,似,7037,0.0453,75.6097
476,备,7026,0.0452,75.6549
477,除,6997,0.045,75.6999
478,支,6987,0.0449,75.7448
479,标,6974,0.0449,75.7897
480,早,6958,0.0447,75.8344
481,吧,6948,0.0447,75.8791
482,周,6869,0.0442,75.9233
483,速,6862,0.0441,75.9674
484,跟,6815,0.0438,76.0112
485,七,6778,0.0436,76.0548
486,采,6764,0.0435,76.0983
487,状,6732,0.0433,76.1416
488,吗,6700,0.0431,76.1847
489,约,6695,0.0431,76.2278
490,城,6688,0.043,76.2708
491,层,6686,0.043,76.3138
492,专,6666,0.0429,76.3567
493,划,6659,0.0428,76.3995
494,轻,6657,0.0428,76.4423
495,拉,6586,0.0424,76.4847
496,值,6584,0.0423,76.527
497,适,6576,0.0423,76.5693
498,英,6572,0.0423,76.6116
499,告,6514,0.0419,76.6535
500,讲,6508,0.0419,76.6954
501,维,6485,0.0417,76.7371
502,营,6483,0.0417,76.7788
503,士,6467,0.0416,76.8204
504,环,6441,0.0414,76.8618
505,古,6441,0.0414,76.9032
506,让,6433,0.0414,76.9446
507,院,6433,0.0414,76.986
508,按,6396,0.0411,77.0271
509,型,6395,0.0411,77.0682
510,势,6389,0.0411,77.1504
511,足,6389,0.0411,77.1093
512,毛,6377,0.041,77.1914
513,台,6366,0.0409,77.2323
514,紧,6340,0.0408,77.2731
515,片,6336,0.0407,77.3138
516,属,6315,0.0406,77.3544
517,严,6313,0.0406,77.395
518,树,6299,0.0405,77.4355
519,画,6292,0.0405,77.476
520,厂,6270,0.0403,77.5163
521,功,6261,0.0403,77.5566
522,注,6254,0.0402,77.5968
523,演,6244,0.0402,77.637
524,源,6237,0.0401,77.6771
525,温,6229,0.0401,77.7172
526,某,6227,0.04,77.7572
527,找,6199,0.0399,77.7971
528,参,6195,0.0398,77.8369
529,易,6193,0.0398,77.8767
530,飞,6183,0.0398,77.9165
531,推,6177,0.0397,77.9562
532,围,6173,0.0397,77.9959
533,列,6167,0.0397,78.0356
534,客,6163,0.0396,78.0752
535,河,6132,0.0394,78.1146
536,虽,6120,0.0394,78.154
537,境,6114,0.0393,78.1933
538,食,6111,0.0393,78.2326
539,李,6108,0.0393,78.2719
540,尔,6073,0.0391,78.311
541,黄,6064,0.039,78.35
542,黑,6053,0.0389,78.3889
543,念,6008,0.0386,78.4275
544,越,5995,0.0386,78.4661
545,选,5981,0.0385,78.5046
546,华,5977,0.0384,78.543
547,角,5970,0.0384,78.5814
548,考,5958,0.0383,78.6197
549,致,5953,0.0383,78.658
550,夫,5911,0.038,78.696
551,初,5910,0.038,78.734
552,装,5895,0.0379,78.7719
553,议,5883,0.0378,78.8097
554,首,5883,0.0378,78.8475
555,委,5882,0.0378,78.8853
556,底,5881,0.0378,78.9231
557,另,5876,0.0378,78.9609
558,江,5866,0.0377,78.9986
559,息,5853,0.0376,79.0362
560,密,5812,0.0374,79.111
561,压,5812,0.0374,79.0736
562,孩,5770,0.0371,79.1481
563,村,5759,0.037,79.1851
564,费,5720,0.0368,79.2219
565,局,5703,0.0367,79.2586
566,派,5640,0.0363,79.2949
567,房,5637,0.0363,79.3312
568,星,5628,0.0362,79.3674
569,突,5613,0.0361,79.4035
570,供,5592,0.036,79.4395
571,曾,5574,0.0358,79.4753
572,排,5560,0.0358,79.5111
573,苦,5558,0.0357,79.5468
574,够,5557,0.0357,79.5825
575,像,5554,0.0357,79.6182
576,站,5535,0.0356,79.6538
577,校,5501,0.0354,79.6892
578,富,5457,0.0351,79.7243
579,谈,5453,0.0351,79.7594
580,米,5444,0.035,79.7944
581,充,5413,0.0348,79.8292
582,阳,5408,0.0348,79.864
583,破,5401,0.0347,79.8987
584,母,5399,0.0347,79.9334
585,球,5386,0.0346,79.968
586,射,5358,0.0345,80.0025
587,批,5350,0.0344,80.0369
588,配,5349,0.0344,80.0713
589,纪,5343,0.0344,80.1057
590,未,5339,0.0343,80.14
591,哪,5316,0.0342,80.1742
592,妈,5307,0.0341,80.2083
593,差,5289,0.034,80.2423
594,刚,5285,0.034,80.2763
595,率,5278,0.0339,80.3102
596,察,5267,0.0339,80.3441
597,舞,5261,0.0338,80.3779
598,依,5256,0.0338,80.4117
599,占,5244,0.0337,80.4454
600,呀,5232,0.0336,80.479
601,微,5219,0.0336,80.5126
602,础,5209,0.0335,80.5461
603,益,5209,0.0335,80.5796
604,倒,5208,0.0335,80.6466
605,刻,5208,0.0335,80.6131
606,举,5194,0.0334,80.68
607,血,5170,0.0332,80.7132
608,故,5136,0.033,80.7462
609,互,5129,0.033,80.7792
610,范,5127,0.033,80.8122
611,木,5125,0.033,80.8452
612,号,5083,0.0327,80.8779
613,尽,5068,0.0326,80.9105
614,请,5058,0.0325,80.943
615,脸,5046,0.0325,80.9755
616,兵,5029,0.0323,81.0078
617,职,5021,0.0323,81.0401
618,留,5020,0.0323,81.0724
619,铁,5011,0.0322,81.1046
620,吸,5007,0.0322,81.1368
621,钱,4985,0.0321,81.1689
622,急,4972,0.032,81.2009
623,独,4971,0.032,81.2329
624,剧,4970,0.032,81.2649
625,查,4957,0.0319,81.2968
626,皮,4954,0.0319,81.3287
627,激,4952,0.0318,81.3605
628,坐,4951,0.0318,81.3923
629,乎,4940,0.0318,81.4241
630,固,4882,0.0314,81.4555
631,害,4873,0.0313,81.4868
632,夜,4867,0.0313,81.5181
633,续,4863,0.0313,81.5494
634,京,4860,0.0313,81.5807
635,双,4858,0.0312,81.6119
636,拿,4855,0.0312,81.6431
637,府,4852,0.0312,81.6743
638,限,4850,0.0312,81.7055
639,草,4835,0.0311,81.7366
640,项,4832,0.0311,81.7677
641,述,4795,0.0308,81.7985
642,曲,4790,0.0308,81.8293
643,既,4754,0.0306,81.8599
644,春,4752,0.0306,81.8905
645,官,4740,0.0305,81.921
646,坚,4734,0.0304,81.9514
647,令,4719,0.0303,81.9817
648,句,4716,0.0303,82.012
649,助,4700,0.0302,82.0422
650,简,4675,0.0301,82.0723
651,杂,4669,0.03,82.1023
652,材,4664,0.03,82.1323
653,封,4653,0.0299,82.1622
654,护,4649,0.0299,82.1921
655,司,4643,0.0299,82.222
656,省,4636,0.0298,82.2518
657,县,4630,0.0298,82.2816
658,模,4626,0.0298,82.3114
659,试,4623,0.0297,82.3411
660,绝,4603,0.0296,82.3707
661,洋,4600,0.0296,82.4003
662,谁,4592,0.0295,82.4298
663,继,4567,0.0294,82.4592
664,止,4560,0.0293,82.4885
665,喜,4550,0.0293,82.5178
666,优,4541,0.0292,82.547
667,词,4526,0.0291,82.5761
668,陈,4517,0.029,82.6051
669,鱼,4499,0.0289,82.634
670,终,4479,0.0288,82.6628
671,施,4440,0.0286,82.6914
672,晚,4427,0.0285,82.7199
673,朝,4426,0.0285,82.7484
674,含,4424,0.0285,82.7769
675,仍,4423,0.0284,82.8053
676,脑,4382,0.0282,82.8335
677,甚,4377,0.0281,82.8616
678,汉,4376,0.0281,82.8897
679,修,4357,0.028,82.9177
680,油,4329,0.0278,82.9455
681,衣,4327,0.0278,82.9733
682,击,4325,0.0278,83.0011
683,云,4315,0.0278,83.0289
684,送,4314,0.0277,83.0566
685,巴,4311,0.0277,83.0843
686,普,4294,0.0276,83.1119
687,征,4290,0.0276,83.1395
688,错,4289,0.0276,83.1671
689,均,4276,0.0275,83.1946
690,投,4262,0.0274,83.222
691,波,4260,0.0274,83.2494
692,余,4260,0.0274,83.2768
693,友,4257,0.0274,83.3042
694,武,4247,0.0273,83.3315
695,责,4235,0.0272,83.3587
696,游,4234,0.0272,83.3859
697,敌,4223,0.0272,83.4131
698,叶,4201,0.027,83.4401
699,船,4184,0.0269,83.467
700,久,4180,0.0269,83.4939
701,否,4179,0.0269,83.5208
702,异,4169,0.0268,83.5476
703,块,4166,0.0268,83.5744
704,脚,4159,0.0267,83.6011
705,怕,4156,0.0267,83.6278
706,田,4143,0.0266,83.6544
707,策,4142,0.0266,83.681
708,苏,4137,0.0266,83.7076
709,乡,4130,0.0266,83.7342
710,帝,4129,0.0266,83.7608
711,靠,4125,0.0265,83.7873
712,医,4114,0.0265,83.8138
713,测,4111,0.0264,83.8402
714,植,4104,0.0264,83.8666
715,啊,4101,0.0264,83.893
716,括,4095,0.0263,83.9193
717,换,4093,0.0263,83.9456
718,逐,4091,0.0263,83.9719
719,娘,4088,0.0263,83.9982
720,罗,4075,0.0262,84.0244
721,戏,4073,0.0262,84.0506
722,善,4054,0.0261,84.0767
723,获,4034,0.0259,84.1026
724,待,4029,0.0259,84.1285
725,降,4023,0.0259,84.1544
726,冲,4019,0.0258,84.1802
727,父,4015,0.0258,84.206
728,置,4014,0.0258,84.2318
729,左,4007,0.0258,84.2576
730,右,4000,0.0257,84.2833
731,沉,3994,0.0257,84.309
732,酸,3992,0.0257,84.3347
733,亮,3984,0.0256,84.3603
734,良,3980,0.0256,84.3859
735,班,3976,0.0256,84.4115
736,著,3973,0.0256,84.4371
737,亚,3969,0.0255,84.4626
738,抗,3961,0.0255,84.4881
739,啦,3954,0.0254,84.5135
740,静,3943,0.0254,84.5389
741,渐,3942,0.0254,84.5643
742,概,3938,0.0253,84.5896
743,居,3926,0.0252,84.6148
744,跑,3919,0.0252,84.64
745,旧,3918,0.0252,84.6652
746,防,3918,0.0252,84.6904
747,买,3902,0.0251,84.7155
748,挥,3897,0.0251,84.7406
749,负,3882,0.025,84.7656
750,帮,3875,0.0249,84.7905
751,欢,3868,0.0249,84.8154
752,冷,3848,0.0247,84.8401
753,液,3825,0.0246,84.8647
754,停,3818,0.0246,84.8893
755,减,3810,0.0245,84.9138
756,男,3807,0.0245,84.9383
757,胜,3798,0.0244,84.9627
758,答,3795,0.0244,84.9871
759,析,3779,0.0243,85.0114
760,忙,3777,0.0243,85.0357
761,短,3770,0.0242,85.0599
762,烈,3767,0.0242,85.0841
763,映,3752,0.0241,85.1082
764,财,3747,0.0241,85.1323
765,背,3744,0.0241,85.1564
766,奇,3741,0.0241,85.1805
767,药,3740,0.0241,85.2046
768,承,3739,0.024,85.2286
769,岁,3711,0.0239,85.2525
770,略,3673,0.0236,85.2761
771,穿,3651,0.0235,85.2996
772,牛,3640,0.0234,85.323
773,室,3635,0.0234,85.3464
774,移,3634,0.0234,85.3932
775,饭,3634,0.0234,85.3698
776,坏,3618,0.0233,85.4165
777,假,3616,0.0233,85.4398
778,州,3612,0.0232,85.463
779,缺,3611,0.0232,85.4862
780,愿,3610,0.0232,85.5094
781,练,3600,0.0232,85.5326
782,超,3587,0.0231,85.5557
783,雨,3583,0.023,85.5787
784,慢,3582,0.023,85.6017
785,竟,3575,0.023,85.6247
786,呼,3571,0.023,85.6477
787,散,3563,0.0229,85.6706
788,灵,3562,0.0229,85.6935
789,副,3552,0.0228,85.7163
790,歌,3548,0.0228,85.7391
791,谓,3541,0.0228,85.7619
792,虫,3539,0.0228,85.7847
793,读,3538,0.0228,85.8075
794,介,3529,0.0227,85.8302
795,培,3519,0.0226,85.8528
796,卫,3515,0.0226,85.8754
797,宗,3504,0.0225,85.8979
798,章,3487,0.0224,85.9203
799,评,3473,0.0223,85.9649
800,伤,3473,0.0223,85.9426
801,丰,3470,0.0223,85.9872
802,核,3444,0.0221,86.0093
803,预,3438,0.0221,86.0314
804,担,3428,0.022,86.0534
805,诉,3421,0.022,86.0754
806,惊,3421,0.022,86.0974
807,刘,3420,0.022,86.1194
808,景,3399,0.0219,86.1413
809,乱,3385,0.0218,86.1631
810,氧,3379,0.0217,86.1848
811,阿,3377,0.0217,86.2065
812,龙,3369,0.0217,86.2282
813,宣,3366,0.0216,86.2498
814,升,3363,0.0216,86.2714
815,爷,3362,0.0216,86.293
816,洲,3361,0.0216,86.3146
817,判,3353,0.0216,86.3362
818,案,3329,0.0214,86.3576
819,协,3306,0.0213,86.3789
820,福,3301,0.0212,86.4001
821,货,3290,0.0212,86.4213
822,味,3289,0.0212,86.4425
823,若,3285,0.0211,86.4636
824,促,3284,0.0211,86.4847
825,希,3265,0.021,86.5057
826,握,3253,0.0209,86.5266
827,端,3246,0.0209,86.5475
828,针,3241,0.0208,86.5683
829,屋,3228,0.0208,86.5891
830,掌,3215,0.0207,86.6098
831,检,3206,0.0206,86.6304
832,痛,3206,0.0206,86.651
833,闻,3204,0.0206,86.6716
834,妇,3195,0.0205,86.6921
835,贵,3191,0.0205,86.7126
836,顾,3190,0.0205,86.7331
837,沙,3182,0.0205,86.7536
838,扩,3170,0.0204,86.774
839,困,3139,0.0202,86.7942
840,哥,3122,0.0201,86.8344
841,嘴,3122,0.0201,86.8143
842,销,3116,0.02,86.8544
843,印,3114,0.02,86.8744
844,免,3101,0.0199,86.8943
845,烟,3098,0.0199,86.9142
846,跳,3092,0.0199,86.9341
847,香,3090,0.0199,86.954
848,纸,3074,0.0198,86.9738
849,户,3061,0.0197,86.9935
850,板,3059,0.0197,87.0132
851,睛,3040,0.0196,87.0328
852,误,3028,0.0195,87.0523
853,探,3021,0.0194,87.0717
854,座,3018,0.0194,87.0911
855,盾,3016,0.0194,87.1105
856,灯,3016,0.0194,87.1299
857,搞,3012,0.0194,87.1493
858,祖,3003,0.0193,87.1686
859,顺,2999,0.0193,87.1879
860,婚,2995,0.0193,87.2072
861,赶,2987,0.0192,87.2264
862,季,2983,0.0192,87.2456
863,兰,2979,0.0192,87.2648
864,忽,2974,0.0191,87.2839
865,践,2967,0.0191,87.303
866,熟,2962,0.019,87.322
867,矛,2961,0.019,87.341
868,银,2960,0.019,87.36
869,爸,2957,0.019,87.379
870,临,2956,0.019,87.398
871,佛,2946,0.0189,87.4169
872,犯,2945,0.0189,87.4358
873,胞,2941,0.0189,87.4547
874,讨,2940,0.0189,87.4736
875,陆,2938,0.0189,87.4925
876,补,2937,0.0189,87.5114
877,童,2929,0.0188,87.5302
878,圆,2929,0.0188,87.549
879,归,2924,0.0188,87.5678
880,弟,2920,0.0188,87.5866
881,域,2914,0.0187,87.6053
882,索,2906,0.0187,87.624
883,罪,2899,0.0186,87.6426
884,脱,2882,0.0185,87.6611
885,追,2870,0.0185,87.6796
886,守,2866,0.0184,87.698
887,课,2864,0.0184,87.7164
888,顶,2860,0.0184,87.7348
889,松,2852,0.0183,87.7531
890,杀,2840,0.0183,87.7714
891,掉,2835,0.0182,87.7896
892,野,2832,0.0182,87.8078
893,训,2825,0.0182,87.826
894,遍,2822,0.0181,87.8441
895,庭,2816,0.0181,87.8622
896,弱,2814,0.0181,87.8803
897,赛,2811,0.0181,87.8984
898,额,2799,0.018,87.9164
899,酒,2790,0.0179,87.9343
900,绿,2789,0.0179,87.9522
901,席,2786,0.0179,87.9701
902,露,2785,0.0179,87.988
903,卖,2765,0.0178,88.0058
904,钟,2760,0.0178,88.0236
905,旁,2750,0.0177,88.0413
906,肉,2743,0.0176,88.0765
907,央,2743,0.0176,88.0589
908,染,2739,0.0176,88.0941
909,欧,2734,0.0176,88.1117
910,怀,2732,0.0176,88.1293
911,稳,2722,0.0175,88.1468
912,伯,2721,0.0175,88.1643
913,编,2707,0.0174,88.1817
914,抓,2701,0.0174,88.1991
915,玉,2691,0.0173,88.2164
916,咱,2690,0.0173,88.2337
917,唯,2687,0.0173,88.251
918,唱,2683,0.0173,88.2683
919,翻,2682,0.0172,88.2855
920,释,2682,0.0172,88.3027
921,控,2680,0.0172,88.3199
922,怪,2677,0.0172,88.3371
923,阵,2670,0.0172,88.3543
924,烧,2667,0.0172,88.3715
925,堂,2666,0.0171,88.3886
926,杨,2658,0.0171,88.4057
927,您,2654,0.0171,88.4228
928,诗,2648,0.017,88.4398
929,灭,2647,0.017,88.4568
930,夏,2645,0.017,88.4738
931,敢,2645,0.017,88.4908
932,退,2632,0.0169,88.5077
933,姑,2631,0.0169,88.5246
934,恶,2618,0.0168,88.5414
935,透,2616,0.0168,88.5582
936,鲜,2605,0.0168,88.575
937,附,2602,0.0167,88.5917
938,骨,2593,0.0167,88.6084
939,审,2590,0.0167,88.6251
940,胡,2586,0.0166,88.6417
941,输,2584,0.0166,88.6583
942,宁,2583,0.0166,88.6749
943,丝,2581,0.0166,88.6915
944,姐,2580,0.0166,88.7081
945,彩,2576,0.0166,88.7247
946,睡,2575,0.0166,88.7413
947,巨,2572,0.0165,88.7578
948,迫,2568,0.0165,88.7743
949,鼓,2566,0.0165,88.7908
950,伙,2566,0.0165,88.8073
951,借,2563,0.0165,88.8238
952,耳,2556,0.0164,88.8402
953,典,2554,0.0164,88.8566
954,刺,2553,0.0164,88.873
955,暗,2552,0.0164,88.8894
956,镜,2551,0.0164,88.9058
957,序,2542,0.0163,88.9221
958,哈,2535,0.0163,88.9384
959,菜,2528,0.0163,88.9547
960,溶,2527,0.0163,88.971
961,笔,2523,0.0162,88.9872
962,汽,2520,0.0162,89.0034
963,礼,2516,0.0162,89.0196
964,摇,2514,0.0162,89.0358
965,迅,2507,0.0161,89.0519
966,险,2500,0.0161,89.068
967,遗,2477,0.0159,89.0839
968,威,2470,0.0159,89.0998
969,沿,2470,0.0159,89.1157
970,弹,2468,0.0159,89.1316
971,私,2465,0.0159,89.1475
972,攻,2462,0.0158,89.1633
973,宝,2459,0.0158,89.1791
974,抽,2454,0.0158,89.1949
975,雪,2450,0.0158,89.2107
976,孙,2449,0.0158,89.2265
977,藏,2446,0.0157,89.2422
978,毒,2446,0.0157,89.2579
979,顿,2445,0.0157,89.2736
980,末,2443,0.0157,89.2893
981,摆,2433,0.0156,89.3049
982,趣,2430,0.0156,89.3205
983,救,2428,0.0156,89.3361
984,镇,2427,0.0156,89.3517
985,楼,2426,0.0156,89.3673
986,智,2418,0.0156,89.3829
987,园,2417,0.0155,89.3984
988,康,2417,0.0155,89.4139
989,永,2417,0.0155,89.4294
990,遇,2412,0.0155,89.4449
991,雄,2403,0.0155,89.4604
992,替,2400,0.0154,89.4758
993,危,2393,0.0154,89.4912
994,楚,2380,0.0153,89.5065
995,侵,2369,0.0152,89.5217
996,枪,2357,0.0152,89.5369
997,冰,2348,0.0151,89.552
998,健,2346,0.0151,89.5671
999,播,2342,0.0151,89.5822
1000,途,2331,0.015,89.5972
1001,损,2330,0.015,89.6122
1002,秀,2327,0.015,89.6272
1003,丽,2320,0.0149,89.6421
1004,秋,2317,0.0149,89.657
1005,执,2317,0.0149,89.6719
1006,束,2309,0.0148,89.6867
1007,纳,2309,0.0148,89.7015
1008,虑,2306,0.0148,89.7163
1009,疑,2306,0.0148,89.7311
1010,午,2306,0.0148,89.7459
1011,粮,2304,0.0148,89.7607
1012,架,2300,0.0148,89.7755
1013,盛,2298,0.0148,89.7903
1014,湖,2296,0.0148,89.8051
1015,尚,2291,0.0147,89.8198
1016,床,2289,0.0147,89.8345
1017,份,2286,0.0147,89.8492
1018,套,2278,0.0147,89.8639
1019,毫,2278,0.0147,89.8786
1020,奋,2268,0.0146,89.8932
1021,扬,2251,0.0145,89.9077
1022,赵,2247,0.0145,89.9222
1023,混,2239,0.0144,89.9366
1024,献,2237,0.0144,89.951
1025,择,2233,0.0144,89.9654
1026,庄,2230,0.0143,89.9797
1027,殖,2221,0.0143,89.994
1028,店,2215,0.0142,90.0082
1029,皇,2214,0.0142,90.0224
1030,购,2206,0.0142,90.0366
1031,缩,2204,0.0142,90.0508
1032,盐,2201,0.0142,90.065
1033,冬,2188,0.0141,90.0791
1034,齐,2187,0.0141,90.0932
1035,径,2185,0.0141,90.1073
1036,偏,2182,0.014,90.1213
1037,盖,2179,0.014,90.1353
1038,款,2174,0.014,90.1493
1039,衡,2169,0.0139,90.1632
1040,阻,2165,0.0139,90.1771
1041,托,2164,0.0139,90.2049
1042,喊,2164,0.0139,90.191
1043,繁,2163,0.0139,90.2188
1044,纯,2154,0.0139,90.2327
1045,牙,2154,0.0139,90.2466
1046,殊,2153,0.0138,90.2604
1047,浪,2143,0.0138,90.2742
1048,招,2141,0.0138,90.288
1049,符,2136,0.0137,90.3017
1050,折,2130,0.0137,90.3291
1051,泽,2130,0.0137,90.3154
1052,弄,2123,0.0137,90.3428
1053,奶,2112,0.0136,90.3564
1054,谢,2106,0.0135,90.3699
1055,累,2105,0.0135,90.3834
1056,亦,2102,0.0135,90.3969
1057,厚,2100,0.0135,90.4104
1058,朋,2094,0.0135,90.4239
1059,伸,2087,0.0134,90.4373
1060,筑,2081,0.0134,90.4507
1061,闪,2079,0.0134,90.4641
1062,枝,2073,0.0133,90.4774
1063,授,2071,0.0133,90.4907
1064,蛋,2071,0.0133,90.504
1065,潮,2070,0.0133,90.5173
1066,登,2069,0.0133,90.5306
1067,售,2068,0.0133,90.5439
1068,孔,2063,0.0133,90.5572
1069,街,2052,0.0132,90.5704
1070,败,2048,0.0132,90.5836
1071,迎,2044,0.0131,90.5967
1072,肥,2028,0.013,90.6097
1073,恩,2027,0.013,90.6227
1074,尼,2021,0.013,90.6357
1075,幼,2016,0.013,90.6487
1076,惯,2015,0.013,90.6617
1077,钢,2011,0.0129,90.6746
1078,肯,2009,0.0129,90.6875
1079,矿,2007,0.0129,90.7004
1080,岛,2005,0.0129,90.7133
1081,伟,2004,0.0129,90.7262
1082,粉,2004,0.0129,90.7391
1083,振,2002,0.0129,90.752
1084,吴,2000,0.0129,90.7649
1085,夺,1995,0.0128,90.7777
1086,尤,1995,0.0128,90.7905
1087,忘,1994,0.0128,90.8033
1088,荣,1993,0.0128,90.8161
1089,亡,1991,0.0128,90.8417
1090,阴,1991,0.0128,90.8289
1091,凡,1989,0.0128,90.8545
1092,毕,1988,0.0128,90.8673
1093,暴,1987,0.0128,90.8801
1094,唐,1984,0.0128,90.8929
1095,勇,1980,0.0127,90.9056
1096,避,1975,0.0127,90.9183
1097,麻,1969,0.0127,90.931
1098,股,1967,0.0127,90.9437
1099,硬,1967,0.0127,90.9564
1100,洞,1964,0.0126,90.969
1101,盘,1961,0.0126,90.9816
1102,轮,1960,0.0126,90.9942
1103,警,1957,0.0126,91.0068
1104,闹,1957,0.0126,91.0194
1105,录,1955,0.0126,91.0572
1106,绍,1955,0.0126,91.032
1107,描,1955,0.0126,91.0446
1108,寻,1953,0.0126,91.0698
1109,妹,1952,0.0126,91.0824
1110,幸,1948,0.0125,91.0949
1111,壁,1947,0.0125,91.1074
1112,距,1946,0.0125,91.1199
1113,玩,1935,0.0124,91.1447
1114,休,1935,0.0124,91.1323
1115,延,1932,0.0124,91.1571
1116,综,1924,0.0124,91.1695
1117,甲,1922,0.0124,91.1819
1118,泛,1922,0.0124,91.1943
1119,哲,1921,0.0124,91.2067
1120,载,1911,0.0123,91.219
1121,雷,1907,0.0123,91.2313
1122,窗,1906,0.0123,91.2436
1123,虚,1897,0.0122,91.2558
1124,秘,1896,0.0122,91.2802
1125,俗,1896,0.0122,91.268
1126,倾,1894,0.0122,91.2924
1127,哭,1894,0.0122,91.3046
1128,禁,1894,0.0122,91.3168
1129,零,1893,0.0122,91.329
1130,触,1893,0.0122,91.3412
1131,巧,1887,0.0121,91.3533
1132,圈,1886,0.0121,91.3654
1133,努,1885,0.0121,91.3775
1134,喝,1881,0.0121,91.3896
1135,彻,1879,0.0121,91.4017
1136,晶,1878,0.0121,91.4138
1137,丁,1874,0.0121,91.4259
1138,操,1873,0.012,91.4379
1139,奴,1866,0.012,91.4499
1140,宜,1865,0.012,91.4739
1141,菌,1865,0.012,91.4619
1142,叔,1859,0.012,91.4859
1143,桥,1853,0.0119,91.4978
1144,仿,1851,0.0119,91.5097
1145,默,1846,0.0119,91.5216
1146,航,1846,0.0119,91.5335
1147,谷,1844,0.0119,91.5454
1148,泪,1844,0.0119,91.5573
1149,予,1835,0.0118,91.5691
1150,挂,1829,0.0118,91.5809
1151,壮,1826,0.0117,91.5926
1152,纷,1826,0.0117,91.6043
1153,粒,1818,0.0117,91.616
1154,燃,1815,0.0117,91.6277
1155,诸,1813,0.0117,91.6394
1156,削,1804,0.0116,91.651
1157,苗,1804,0.0116,91.6742
1158,婆,1804,0.0116,91.6626
1159,付,1801,0.0116,91.6858
1160,迷,1799,0.0116,91.6974
1161,馆,1794,0.0115,91.7089
1162,灰,1786,0.0115,91.7204
1163,鸡,1779,0.0114,91.7318
1164,岸,1777,0.0114,91.7432
1165,寒,1776,0.0114,91.7546
1166,泥,1774,0.0114,91.766
1167,梅,1772,0.0114,91.7774
1168,残,1769,0.0114,91.7888
1169,税,1768,0.0114,91.8002
1170,虎,1766,0.0114,91.8116
1171,庆,1763,0.0113,91.8229
1172,抱,1757,0.0113,91.8342
1173,鸟,1755,0.0113,91.8568
1174,拍,1755,0.0113,91.8455
1175,墙,1754,0.0113,91.8681
1176,缓,1753,0.0113,91.8794
1177,横,1753,0.0113,91.8907
1178,尾,1750,0.0113,91.902
1179,督,1750,0.0113,91.9133
1180,莫,1749,0.0112,91.9245
1181,械,1749,0.0112,91.9357
1182,尖,1741,0.0112,91.9469
1183,旅,1738,0.0112,91.9581
1184,倍,1735,0.0112,91.9693
1185,措,1732,0.0111,91.9804
1186,剥,1731,0.0111,91.9915
1187,遭,1725,0.0111,92.0026
1188,懂,1722,0.0111,92.0137
1189,粗,1720,0.0111,92.0248
1190,奏,1718,0.011,92.0358
1191,润,1717,0.011,92.0468
1192,侧,1714,0.011,92.0578
1193,辩,1712,0.011,92.0688
1194,茶,1709,0.011,92.0798
1195,鬼,1706,0.011,92.0908
1196,梦,1702,0.0109,92.1017
1197,贯,1701,0.0109,92.1126
1198,篇,1697,0.0109,92.1235
1199,妻,1693,0.0109,92.1453
1200,宽,1693,0.0109,92.1344
1201,腿,1691,0.0109,92.1562
1202,刀,1689,0.0109,92.1671
1203,桌,1689,0.0109,92.178
1204,浓,1680,0.0108,92.1888
1205,跃,1674,0.0108,92.1996
1206,蹈,1671,0.0107,92.2103
1207,洗,1670,0.0107,92.221
1208,卷,1669,0.0107,92.2317
1209,欲,1662,0.0107,92.2424
1210,袋,1662,0.0107,92.2531
1211,赏,1661,0.0107,92.2638
1212,悲,1660,0.0107,92.2852
1213,劲,1660,0.0107,92.2745
1214,鲁,1655,0.0106,92.3064
1215,赞,1655,0.0106,92.317
1216,氏,1655,0.0106,92.2958
1217,汇,1647,0.0106,92.3276
1218,迹,1647,0.0106,92.3382
1219,竞,1642,0.0106,92.3488
1220,醒,1634,0.0105,92.3593
1221,裂,1634,0.0105,92.3698
1222,闭,1631,0.0105,92.3803
1223,森,1631,0.0105,92.3908
1224,腰,1626,0.0105,92.4013
1225,磁,1621,0.0104,92.4117
1226,湿,1618,0.0104,92.4221
1227,聚,1614,0.0104,92.4325
1228,兄,1613,0.0104,92.4429
1229,徐,1603,0.0103,92.4532
1230,炼,1599,0.0103,92.4635
1231,订,1591,0.0102,92.4737
1232,川,1589,0.0102,92.4839
1233,吹,1587,0.0102,92.4941
1234,蒙,1587,0.0102,92.5043
1235,胸,1585,0.0102,92.5145
1236,召,1584,0.0102,92.5247
1237,伴,1583,0.0102,92.5349
1238,徒,1582,0.0102,92.5451
1239,幅,1582,0.0102,92.5553
1240,疗,1578,0.0101,92.5654
1241,淡,1575,0.0101,92.5755
1242,奖,1569,0.0101,92.5856
1243,仪,1567,0.0101,92.5957
1244,珠,1567,0.0101,92.6058
1245,绪,1565,0.0101,92.6159
1246,蒋,1564,0.0101,92.626
1247,猪,1560,0.01,92.636
1248,剂,1554,0.01,92.646
1249,访,1552,0.01,92.656
1250,狗,1549,0.01,92.666
1251,摸,1547,0.0099,92.6759
1252,趋,1546,0.0099,92.6858
1253,宋,1545,0.0099,92.6957
1254,伏,1545,0.0099,92.7056
1255,棉,1538,0.0099,92.7155
1256,恐,1538,0.0099,92.7254
1257,羊,1528,0.0098,92.7352
1258,碳,1526,0.0098,92.745
1259,隔,1525,0.0098,92.7548
1260,网,1524,0.0098,92.7646
1261,猛,1524,0.0098,92.7744
1262,爬,1520,0.0098,92.7842
1263,缘,1513,0.0097,92.7939
1264,麦,1508,0.0097,92.8036
1265,库,1506,0.0097,92.8133
1266,津,1505,0.0097,92.823
1267,监,1504,0.0097,92.8327
1268,薄,1501,0.0097,92.8424
1269,净,1500,0.0096,92.852
1270,旋,1497,0.0096,92.8616
1271,贫,1496,0.0096,92.8712
1272,罢,1496,0.0096,92.8808
1273,穷,1495,0.0096,92.8904
1274,乏,1495,0.0096,92.9
1275,挑,1494,0.0096,92.9096
1276,废,1491,0.0096,92.9192
1277,汗,1485,0.0096,92.9288
1278,耗,1485,0.0096,92.9384
1279,尊,1482,0.0095,92.9479
1280,牌,1477,0.0095,92.9574
1281,抢,1474,0.0095,92.9669
1282,软,1473,0.0095,92.9764
1283,隶,1472,0.0095,92.9859
1284,宇,1466,0.0094,92.9953
1285,圣,1465,0.0094,93.0047
1286,港,1463,0.0094,93.0141
1287,欣,1461,0.0094,93.0235
1288,塞,1460,0.0094,93.0329
1289,刑,1459,0.0094,93.0423
1290,博,1458,0.0094,93.0517
1291,揭,1453,0.0093,93.061
1292,垂,1449,0.0093,93.0703
1293,姓,1444,0.0093,93.0796
1294,捕,1442,0.0093,93.0982
1295,荒,1442,0.0093,93.1075
1296,诚,1442,0.0093,93.0889
1297,炮,1441,0.0093,93.1168
1298,呈,1440,0.0093,93.1261
1299,辑,1439,0.0093,93.1354
1300,卡,1435,0.0092,93.1446
1301,伦,1434,0.0092,93.1538
1302,蓝,1431,0.0092,93.163
1303,抬,1430,0.0092,93.1722
1304,宫,1426,0.0092,93.1814
1305,敬,1425,0.0092,93.1906
1306,版,1423,0.0092,93.1998
1307,忍,1422,0.0091,93.2089
1308,颜,1415,0.0091,93.218
1309,竹,1414,0.0091,93.2271
1310,碰,1414,0.0091,93.2362
1311,启,1411,0.0091,93.2453
1312,票,1409,0.0091,93.2544
1313,隐,1409,0.0091,93.2635
1314,抵,1406,0.009,93.2815
1315,脉,1406,0.009,93.2725
1316,浮,1405,0.009,93.2905
1317,煤,1404,0.009,93.2995
1318,剩,1400,0.009,93.3085
1319,珍,1399,0.009,93.3175
1320,奔,1398,0.009,93.3265
1321,堆,1396,0.009,93.3355
1322,扎,1393,0.009,93.3445
1323,谋,1392,0.009,93.3535
1324,貌,1392,0.009,93.3625
1325,脏,1388,0.0089,93.3714
1326,逃,1387,0.0089,93.3803
1327,洪,1387,0.0089,93.3892
1328,旗,1386,0.0089,93.3981
1329,潜,1384,0.0089,93.407
1330,鼻,1382,0.0089,93.4159
1331,忆,1378,0.0089,93.4248
1332,湾,1376,0.0088,93.4336
1333,绩,1374,0.0088,93.4424
1334,恰,1371,0.0088,93.4512
1335,坦,1368,0.0088,93.46
1336,怒,1365,0.0088,93.4688
1337,震,1363,0.0088,93.4776
1338,豆,1362,0.0088,93.4864
1339,插,1357,0.0087,93.4951
1340,戴,1357,0.0087,93.5038
1341,涉,1356,0.0087,93.5125
1342,绘,1356,0.0087,93.5212
1343,瓦,1356,0.0087,93.5299
1344,龄,1355,0.0087,93.5473
1345,池,1355,0.0087,93.5386
1346,沟,1350,0.0087,93.556
1347,呵,1349,0.0087,93.5647
1348,伍,1347,0.0087,93.5734
1349,氢,1345,0.0087,93.5821
1350,拥,1344,0.0086,93.5907
1351,乘,1344,0.0086,93.5993
1352,吉,1343,0.0086,93.6079
1353,尺,1342,0.0086,93.6337
1354,朱,1342,0.0086,93.6251
1355,蒸,1342,0.0086,93.6165
1356,舍,1342,0.0086,93.6423
1357,贡,1337,0.0086,93.6509
1358,糊,1335,0.0086,93.6595
1359,梁,1335,0.0086,93.6681
1360,漫,1333,0.0086,93.6767
1361,腾,1330,0.0086,93.6853
1362,症,1329,0.0085,93.6938
1363,丈,1328,0.0085,93.7023
1364,钻,1320,0.0085,93.7108
1365,磨,1319,0.0085,93.7193
1366,井,1318,0.0085,93.7278
1367,艰,1318,0.0085,93.7363
1368,键,1317,0.0085,93.7448
1369,绕,1315,0.0085,93.7533
1370,幕,1314,0.0085,93.7618
1371,斤,1311,0.0084,93.7702
1372,污,1307,0.0084,93.7786
1373,贝,1306,0.0084,93.787
1374,冒,1305,0.0084,93.7954
1375,阔,1305,0.0084,93.8038
1376,胆,1302,0.0084,93.8122
1377,渡,1300,0.0084,93.829
1378,碍,1300,0.0084,93.8206
1379,崇,1299,0.0084,93.8374
1380,愈,1299,0.0084,93.8458
1381,岩,1298,0.0083,93.8541
1382,玻,1298,0.0083,93.8624
1383,碎,1297,0.0083,93.8707
1384,宪,1296,0.0083,93.879
1385,俄,1290,0.0083,93.8873
1386,障,1284,0.0083,93.8956
1387,融,1283,0.0083,93.9039
1388,贸,1282,0.0082,93.9121
1389,耐,1279,0.0082,93.9203
1390,届,1279,0.0082,93.9285
1391,寄,1277,0.0082,93.9367
1392,荡,1276,0.0082,93.9449
1393,币,1273,0.0082,93.9613
1394,俩,1273,0.0082,93.9695
1395,卵,1273,0.0082,93.9531
1396,弃,1272,0.0082,93.9777
1397,悄,1270,0.0082,93.9859
1398,偶,1269,0.0082,93.9941
1399,纵,1269,0.0082,94.0023
1400,陷,1269,0.0082,94.0105
1401,坡,1268,0.0082,94.0187
1402,勤,1263,0.0081,94.0268
1403,享,1262,0.0081,94.0349
1404,塑,1262,0.0081,94.043
1405,膜,1261,0.0081,94.0511
1406,铜,1257,0.0081,94.0592
1407,拖,1251,0.008,94.0672
1408,暖,1251,0.008,94.0752
1409,稍,1250,0.008,94.0832
1410,摩,1249,0.008,94.0912
1411,硫,1243,0.008,94.0992
1412,哩,1242,0.008,94.1072
1413,乌,1241,0.008,94.1152
1414,循,1240,0.008,94.1232
1415,妙,1239,0.008,94.1312
1416,疾,1238,0.008,94.1392
1417,肩,1236,0.0079,94.1471
1418,炎,1235,0.0079,94.155
1419,偷,1234,0.0079,94.1629
1420,赤,1233,0.0079,94.1708
1421,灾,1233,0.0079,94.1787
1422,恒,1230,0.0079,94.1866
1423,孤,1228,0.0079,94.1945
1424,仁,1228,0.0079,94.2024
1425,腔,1228,0.0079,94.2103
1426,杯,1226,0.0079,94.2182
1427,乃,1225,0.0079,94.2261
1428,稀,1222,0.0079,94.234
1429,恢,1222,0.0079,94.2419
1430,违,1220,0.0078,94.2497
1431,伊,1217,0.0078,94.2575
1432,挺,1215,0.0078,94.2653
1433,乙,1210,0.0078,94.2731
1434,拜,1206,0.0078,94.2809
1435,焦,1205,0.0077,94.2886
1436,锋,1204,0.0077,94.2963
1437,铺,1203,0.0077,94.3117
1438,颗,1203,0.0077,94.304
1439,滑,1201,0.0077,94.3194
1440,敏,1194,0.0077,94.3271
1441,洁,1190,0.0077,94.3348
1442,嘛,1189,0.0076,94.35
1443,凝,1189,0.0076,94.3576
1444,凉,1189,0.0076,94.3424
1445,杜,1188,0.0076,94.3652
1446,凭,1187,0.0076,94.3728
1447,勒,1186,0.0076,94.3804
1448,爆,1186,0.0076,94.388
1449,递,1186,0.0076,94.3956
1450,鞋,1186,0.0076,94.4032
1451,迁,1185,0.0076,94.4108
1452,秦,1184,0.0076,94.4184
1453,桂,1183,0.0076,94.426
1454,璃,1174,0.0076,94.4336
1455,摄,1173,0.0075,94.4411
1456,叹,1171,0.0075,94.4486
1457,峰,1168,0.0075,94.4561
1458,牧,1165,0.0075,94.4636
1459,恨,1163,0.0075,94.4711
1460,糖,1162,0.0075,94.4861
1461,骂,1162,0.0075,94.4786
1462,贴,1160,0.0075,94.4936
1463,紫,1160,0.0075,94.5011
1464,壤,1158,0.0074,94.5085
1465,辛,1157,0.0074,94.5159
1466,仰,1157,0.0074,94.5233
1467,腐,1154,0.0074,94.5307
1468,割,1153,0.0074,94.5381
1469,辈,1152,0.0074,94.5455
1470,君,1151,0.0074,94.5529
1471,泡,1149,0.0074,94.5603
1472,郭,1146,0.0074,94.5677
1473,呆,1141,0.0073,94.575
1474,番,1140,0.0073,94.5823
1475,励,1138,0.0073,94.5896
1476,乳,1133,0.0073,94.6042
1477,亿,1133,0.0073,94.5969
1478,兼,1131,0.0073,94.6115
1479,昨,1130,0.0073,94.6188
1480,刊,1127,0.0072,94.626
1481,擦,1122,0.0072,94.6332
1482,迟,1116,0.0072,94.6404
1483,拔,1115,0.0072,94.6476
1484,丹,1110,0.0071,94.6547
1485,彼,1106,0.0071,94.6618
1486,搬,1105,0.0071,94.6689
1487,眉,1105,0.0071,94.676
1488,滴,1103,0.0071,94.6831
1489,朵,1102,0.0071,94.6902
1490,畜,1101,0.0071,94.6973
1491,遵,1101,0.0071,94.7044
1492,逻,1099,0.0071,94.7115
1493,患,1098,0.0071,94.7257
1494,奥,1098,0.0071,94.7186
1495,耕,1097,0.0071,94.7328
1496,忠,1097,0.0071,94.7399
1497,鉴,1095,0.007,94.7469
1498,挤,1090,0.007,94.7539
1499,滚,1089,0.007,94.7609
1500,壳,1087,0.007,94.7679
1501,厅,1084,0.007,94.7749
1502,旦,1083,0.007,94.7819
1503,炸,1082,0.007,94.7959
1504,塔,1082,0.007,94.7889
1505,频,1081,0.007,94.8029
1506,弯,1081,0.007,94.8099
1507,狂,1080,0.0069,94.8168
1508,陶,1079,0.0069,94.8237
1509,晓,1078,0.0069,94.8306
1510,柳,1074,0.0069,94.8375
1511,炉,1073,0.0069,94.8444
1512,宏,1069,0.0069,94.8513
1513,愤,1067,0.0069,94.8582
1514,瞧,1066,0.0069,94.8651
1515,箱,1065,0.0068,94.8719
1516,扑,1064,0.0068,94.8787
1517,暂,1061,0.0068,94.8855
1518,盆,1060,0.0068,94.8923
1519,瓶,1058,0.0068,94.8991
1520,柱,1056,0.0068,94.9059
1521,辉,1055,0.0068,94.9127
1522,雅,1054,0.0068,94.9195
1523,衰,1053,0.0068,94.9263
1524,洛,1050,0.0068,94.9331
1525,朗,1047,0.0067,94.9398
1526,琴,1046,0.0067,94.9465
1527,腹,1045,0.0067,94.9532
1528,牲,1041,0.0067,94.9599
1529,黎,1038,0.0067,94.9666
1530,肃,1033,0.0066,94.9732
1531,雾,1033,0.0066,94.9798
1532,冠,1033,0.0066,94.9864
1533,伪,1032,0.0066,94.993
1534,幻,1030,0.0066,94.9996
1535,仔,1027,0.0066,95.0062
1536,杰,1026,0.0066,95.0128
1537,烦,1023,0.0066,95.0194
1538,悟,1022,0.0066,95.026
1539,荷,1021,0.0066,95.0326
1540,晨,1021,0.0066,95.0392
1541,甘,1020,0.0066,95.0458
1542,饱,1018,0.0065,95.0523
1543,飘,1015,0.0065,95.0588
1544,芳,1015,0.0065,95.0653
1545,肌,1014,0.0065,95.0718
1546,舒,1012,0.0065,95.0783
1547,惜,1006,0.0065,95.0848
1548,丧,1004,0.0065,95.0913
1549,肚,1003,0.0065,95.0978
1550,灌,997,0.0064,95.1042
1551,抑,994,0.0064,95.117
1552,鸣,994,0.0064,95.1106
1553,辞,993,0.0064,95.1234
1554,宙,990,0.0064,95.1298
1555,邻,988,0.0064,95.1362
1556,昌,987,0.0063,95.1425
1557,扫,986,0.0063,95.1488
1558,赖,983,0.0063,95.1551
1559,泉,980,0.0063,95.1614
1560,肠,979,0.0063,95.1677
1561,鼠,979,0.0063,95.174
1562,援,979,0.0063,95.1803
1563,墨,976,0.0063,95.1866
1564,啥,975,0.0063,95.1929
1565,祥,972,0.0063,95.1992
1566,储,971,0.0062,95.2054
1567,萨,970,0.0062,95.2178
1568,裁,970,0.0062,95.2116
1569,奉,969,0.0062,95.224
1570,傅,968,0.0062,95.2302
1571,姿,961,0.0062,95.2364
1572,埋,961,0.0062,95.2426
1573,亩,959,0.0062,95.2488
1574,犹,958,0.0062,95.255
1575,瓜,956,0.0061,95.2672
1576,咬,956,0.0061,95.2611
1577,粘,955,0.0061,95.2794
1578,芽,955,0.0061,95.2855
1579,吐,955,0.0061,95.2733
1580,昆,954,0.0061,95.2916
1581,估,954,0.0061,95.2977
1582,租,954,0.0061,95.3038
1583,碗,953,0.0061,95.3099
1584,轨,952,0.0061,95.316
1585,稻,951,0.0061,95.3221
1586,纲,949,0.0061,95.3343
1587,役,949,0.0061,95.3282
1588,勃,948,0.0061,95.3404
1589,毁,948,0.0061,95.3465
1590,烂,948,0.0061,95.3526
1591,昏,948,0.0061,95.3587
1592,隆,947,0.0061,95.3709
1593,饰,947,0.0061,95.3648
1594,曹,946,0.0061,95.377
1595,仙,941,0.0061,95.3892
1596,夹,941,0.0061,95.3831
1597,爹,939,0.006,95.3952
1598,郑,938,0.006,95.4012
1599,闲,936,0.006,95.4072
1600,柔,936,0.006,95.4132
1601,吓,935,0.006,95.4192
1602,嫂,934,0.006,95.4252
1603,巩,933,0.006,95.4312
1604,亏,931,0.006,95.4372
1605,帽,930,0.006,95.4432
1606,浅,930,0.006,95.4492
1607,详,929,0.006,95.4552
1608,斜,929,0.006,95.4612
1609,佳,928,0.006,95.4672
1610,饮,927,0.006,95.4732
1611,猫,925,0.0059,95.4791
1612,杆,923,0.0059,95.485
1613,恋,921,0.0059,95.4909
1614,凤,921,0.0059,95.4968
1615,缝,920,0.0059,95.5027
1616,疏,919,0.0059,95.5086
1617,扶,918,0.0059,95.5145
1618,厉,915,0.0059,95.5204
1619,喷,915,0.0059,95.5263
1620,截,911,0.0059,95.5322
1621,扰,908,0.0058,95.538
1622,拨,907,0.0058,95.5438
1623,雕,906,0.0058,95.5496
1624,码,904,0.0058,95.5554
1625,瑞,904,0.0058,95.5612
1626,讯,901,0.0058,95.567
1627,莲,899,0.0058,95.5728
1628,邦,899,0.0058,95.5786
1629,贷,897,0.0058,95.5844
1630,丢,896,0.0058,95.5902
1631,慌,895,0.0058,95.596
1632,寿,893,0.0057,95.6017
1633,毅,891,0.0057,95.6074
1634,漂,890,0.0057,95.6131
1635,屈,890,0.0057,95.6245
1636,涂,890,0.0057,95.6188
1637,蜂,889,0.0057,95.6302
1638,猎,888,0.0057,95.6359
1639,氯,887,0.0057,95.6416
1640,劝,886,0.0057,95.6473
1641,柴,883,0.0057,95.653
1642,悉,882,0.0057,95.6587
1643,狠,882,0.0057,95.6644
1644,岗,881,0.0057,95.6758
1645,饲,881,0.0057,95.6701
1646,祝,878,0.0056,95.6814
1647,皆,877,0.0056,95.687
1648,罚,873,0.0056,95.6926
1649,躺,872,0.0056,95.6982
1650,桃,872,0.0056,95.7038
1651,猴,868,0.0056,95.7094
1652,宿,867,0.0056,95.715
1653,锅,866,0.0056,95.7262
1654,胶,866,0.0056,95.7206
1655,偿,865,0.0056,95.7318
1656,宾,863,0.0056,95.7374
1657,译,863,0.0056,95.743
1658,袭,862,0.0055,95.754
1659,串,862,0.0055,95.7485
1660,申,861,0.0055,95.7595
1661,捉,858,0.0055,95.7705
1662,挖,858,0.0055,95.765
1663,窝,856,0.0055,95.776
1664,踏,855,0.0055,95.7815
1665,邓,855,0.0055,95.787
1666,允,852,0.0055,95.7925
1667,舌,852,0.0055,95.798
1668,溜,851,0.0055,95.8035
1669,驻,850,0.0055,95.8145
1670,膀,850,0.0055,95.809
1671,渔,849,0.0055,95.82
1672,纠,848,0.0055,95.8255
1673,冻,847,0.0054,95.8309
1674,扭,845,0.0054,95.8363
1675,臣,845,0.0054,95.8417
1676,埃,841,0.0054,95.8471
1677,辐,840,0.0054,95.8525
1678,闷,835,0.0054,95.8633
1679,涨,835,0.0054,95.8579
1680,签,833,0.0054,95.8687
1681,秒,831,0.0053,95.874
1682,贺,831,0.0053,95.8793
1683,耀,831,0.0053,95.8846
1684,辨,829,0.0053,95.8899
1685,燕,828,0.0053,95.9058
1686,慰,828,0.0053,95.9005
1687,颇,828,0.0053,95.8952
1688,债,826,0.0053,95.9111
1689,肺,826,0.0053,95.9164
1690,逼,826,0.0053,95.9217
1691,魂,825,0.0053,95.927
1692,匆,825,0.0053,95.9323
1693,旺,824,0.0053,95.9376
1694,姻,823,0.0053,95.9429
1695,吞,821,0.0053,95.9482
1696,甜,820,0.0053,95.9535
1697,吨,814,0.0052,95.9587
1698,搭,812,0.0052,95.9639
1699,屏,812,0.0052,95.9691
1700,掩,812,0.0052,95.9743
1701,涌,811,0.0052,95.9795
1702,袁,807,0.0052,95.9847
1703,汤,806,0.0052,95.9899
1704,岭,805,0.0052,95.9951
1705,拟,800,0.0051,96.0002
1706,慧,799,0.0051,96.0053
1707,郎,798,0.0051,96.0104
1708,瘦,796,0.0051,96.0155
1709,阅,794,0.0051,96.0206
1710,辆,793,0.0051,96.0257
1711,填,792,0.0051,96.0359
1712,袖,792,0.0051,96.0308
1713,匀,791,0.0051,96.041
1714,娃,791,0.0051,96.0461
1715,筒,789,0.0051,96.0512
1716,豪,789,0.0051,96.0563
1717,籍,787,0.0051,96.0614
1718,餐,786,0.0051,96.0716
1719,轰,786,0.0051,96.0665
1720,尘,782,0.005,96.0766
1721,敲,781,0.005,96.0816
1722,帐,779,0.005,96.0866
1723,撞,776,0.005,96.0916
1724,钠,775,0.005,96.1016
1725,牢,775,0.005,96.0966
1726,肿,773,0.005,96.1066
1727,盲,773,0.005,96.1116
1728,腊,772,0.005,96.1166
1729,锐,771,0.005,96.1216
1730,返,771,0.005,96.1266
1731,骗,771,0.005,96.1316
1732,骑,770,0.005,96.1466
1733,扣,770,0.005,96.1416
1734,寺,770,0.005,96.1366
1735,沈,767,0.0049,96.1564
1736,醉,767,0.0049,96.1515
1737,纹,765,0.0049,96.1613
1738,纺,764,0.0049,96.1662
1739,泰,763,0.0049,96.1711
1740,盟,756,0.0049,96.1809
1741,辟,756,0.0049,96.176
1742,丛,755,0.0049,96.1858
1743,拒,754,0.0048,96.1954
1744,忧,754,0.0048,96.1906
1745,魏,753,0.0048,96.2002
1746,躲,752,0.0048,96.205
1747,纤,748,0.0048,96.2098
1748,肖,748,0.0048,96.2146
1749,悬,747,0.0048,96.229
1750,旱,747,0.0048,96.2194
1751,晋,747,0.0048,96.2242
1752,祭,746,0.0048,96.2434
1753,誉,746,0.0048,96.2338
1754,谱,746,0.0048,96.2386
1755,箭,745,0.0048,96.2482
1756,狭,745,0.0048,96.253
1757,饿,745,0.0048,96.2578
1758,驱,743,0.0048,96.2626
1759,冯,742,0.0048,96.2674
1760,脂,742,0.0048,96.2722
1761,斥,740,0.0048,96.277
1762,肤,739,0.0048,96.2818
1763,椅,736,0.0047,96.2865
1764,栽,735,0.0047,96.2912
1765,仗,735,0.0047,96.2959
1766,墓,734,0.0047,96.3006
1767,舅,731,0.0047,96.3147
1768,碱,731,0.0047,96.31
1769,兽,731,0.0047,96.3053
1770,锁,730,0.0047,96.3194
1771,喂,729,0.0047,96.3241
1772,抛,729,0.0047,96.3288
1773,苍,728,0.0047,96.3335
1774,臂,728,0.0047,96.3382
1775,溪,727,0.0047,96.3429
1776,胖,726,0.0047,96.3476
1777,伐,724,0.0047,96.357
1778,汪,724,0.0047,96.3523
1779,刷,723,0.0046,96.3616
1780,稿,722,0.0046,96.3662
1781,绳,719,0.0046,96.3708
1782,剪,718,0.0046,96.38
1783,唤,718,0.0046,96.3754
1784,凶,717,0.0046,96.3846
1785,邮,716,0.0046,96.3892
1786,齿,715,0.0046,96.3938
1787,尝,715,0.0046,96.3984
1788,漠,714,0.0046,96.403
1789,怨,712,0.0046,96.4076
1790,络,712,0.0046,96.4122
1791,撤,711,0.0046,96.4168
1792,撒,711,0.0046,96.4214
1793,筹,710,0.0046,96.426
1794,幽,709,0.0046,96.4306
1795,渗,709,0.0046,96.4352
1796,蛇,708,0.0046,96.4398
1797,诱,707,0.0045,96.4443
1798,抚,705,0.0045,96.4488
1799,磷,704,0.0045,96.4533
1800,逆,703,0.0045,96.4578
1801,牵,701,0.0045,96.4623
1802,诊,700,0.0045,96.4668
1803,惨,699,0.0045,96.4713
1804,抖,699,0.0045,96.4758
1805,庙,699,0.0045,96.4803
1806,株,699,0.0045,96.4848
1807,浑,696,0.0045,96.4893
1808,驶,695,0.0045,96.4938
1809,泼,695,0.0045,96.4983
1810,厌,692,0.0045,96.5073
1811,怜,692,0.0045,96.5028
1812,疲,691,0.0044,96.5117
1813,厘,690,0.0044,96.5161
1814,叙,690,0.0044,96.5205
1815,嫁,687,0.0044,96.5293
1816,跨,687,0.0044,96.5249
1817,惠,685,0.0044,96.5425
1818,哀,685,0.0044,96.5381
1819,胃,685,0.0044,96.5337
1820,蜜,683,0.0044,96.5469
1821,梯,683,0.0044,96.5513
1822,诺,681,0.0044,96.5557
1823,悠,680,0.0044,96.5601
1824,滩,680,0.0044,96.5645
1825,笼,678,0.0044,96.5689
1826,添,678,0.0044,96.5733
1827,陪,676,0.0043,96.5776
1828,挨,674,0.0043,96.5819
1829,拳,673,0.0043,96.5862
1830,晃,671,0.0043,96.5948
1831,寂,671,0.0043,96.5991
1832,倡,671,0.0043,96.6034
1833,催,671,0.0043,96.5905
1834,朴,670,0.0043,96.6077
1835,郁,666,0.0043,96.612
1836,脊,663,0.0043,96.6163
1837,扇,661,0.0043,96.6206
1838,仓,661,0.0043,96.6249
1839,魔,661,0.0043,96.6292
1840,哎,660,0.0042,96.6376
1841,蓄,660,0.0042,96.6334
1842,棵,659,0.0042,96.6418
1843,胀,658,0.0042,96.6502
1844,眠,658,0.0042,96.646
1845,劣,657,0.0042,96.6544
1846,秩,655,0.0042,96.6586
1847,塘,654,0.0042,96.6628
1848,孟,653,0.0042,96.6712
1849,媳,653,0.0042,96.667
1850,廷,652,0.0042,96.6754
1851,铃,650,0.0042,96.6796
1852,胎,650,0.0042,96.6838
1853,抹,648,0.0042,96.688
1854,吵,648,0.0042,96.6922
1855,肢,647,0.0042,96.6964
1856,拾,647,0.0042,96.7006
1857,聪,646,0.0042,96.7048
1858,寨,646,0.0042,96.709
1859,翠,645,0.0041,96.7131
1860,赫,642,0.0041,96.7172
1861,尿,641,0.0041,96.7213
1862,疼,640,0.0041,96.7254
1863,览,639,0.0041,96.7295
1864,狼,638,0.0041,96.7336
1865,轴,635,0.0041,96.7377
1866,锦,635,0.0041,96.7418
1867,夸,634,0.0041,96.7459
1868,剑,633,0.0041,96.75
1869,牺,633,0.0041,96.7541
1870,翼,633,0.0041,96.7582
1871,卧,632,0.0041,96.7623
1872,曼,629,0.004,96.7703
1873,姆,629,0.004,96.7663
1874,匠,628,0.004,96.7743
1875,熊,627,0.004,96.7823
1876,搜,627,0.004,96.7783
1877,盈,624,0.004,96.7863
1878,覆,623,0.004,96.7903
1879,唇,621,0.004,96.7943
1880,驾,620,0.004,96.7983
1881,腺,618,0.004,96.8023
1882,辅,617,0.004,96.8063
1883,枯,616,0.004,96.8103
1884,鞭,615,0.004,96.8143
1885,翅,614,0.0039,96.8182
1886,喘,614,0.0039,96.8221
1887,肝,611,0.0039,96.826
1888,掘,610,0.0039,96.8299
1889,歪,609,0.0039,96.8338
1890,欺,608,0.0039,96.8377
1891,疆,608,0.0039,96.8416
1892,赋,608,0.0039,96.8455
1893,婶,607,0.0039,96.8494
1894,畅,606,0.0039,96.8533
1895,葡,605,0.0039,96.8572
1896,脾,605,0.0039,96.8611
1897,哼,604,0.0039,96.865
1898,柜,603,0.0039,96.8689
1899,兔,602,0.0039,96.8728
1900,顽,601,0.0039,96.8767
1901,藻,600,0.0039,96.8806
1902,鸭,600,0.0039,96.8845
1903,页,599,0.0039,96.904
1904,谐,599,0.0039,96.9001
1905,侦,599,0.0039,96.8962
1906,仇,599,0.0039,96.8884
1907,睁,599,0.0039,96.8923
1908,茫,598,0.0038,96.9268
1909,拼,598,0.0038,96.9078
1910,炭,598,0.0038,96.9116
1911,锡,598,0.0038,96.9154
1912,弦,598,0.0038,96.9192
1913,滋,598,0.0038,96.923
1914,锻,596,0.0038,96.9344
1915,脆,596,0.0038,96.9306
1916,裤,594,0.0038,96.942
1917,卢,594,0.0038,96.9382
1918,萌,592,0.0038,96.9458
1919,骤,591,0.0038,96.9496
1920,悦,590,0.0038,96.9534
1921,氮,589,0.0038,96.9572
1922,葬,589,0.0038,96.961
1923,棒,588,0.0038,96.9648
1924,渠,588,0.0038,96.9686
1925,诞,588,0.0038,96.9724
1926,斑,587,0.0038,96.9762
1927,浩,586,0.0038,96.98
1928,盒,585,0.0038,96.9838
1929,遥,585,0.0038,96.9876
1930,颤,584,0.0038,96.9914
1931,扮,583,0.0037,96.9951
1932,扯,581,0.0037,97.0062
1933,颈,581,0.0037,97.0025
1934,玲,581,0.0037,96.9988
1935,丑,576,0.0037,97.0099
1936,摊,576,0.0037,97.0136
1937,桑,575,0.0037,97.0173
1938,盗,575,0.0037,97.021
1939,柏,574,0.0037,97.0321
1940,唉,574,0.0037,97.0247
1941,戒,574,0.0037,97.0284
1942,凌,573,0.0037,97.0395
1943,羽,573,0.0037,97.0358
1944,胁,572,0.0037,97.0432
1945,捷,570,0.0037,97.0469
1946,皱,570,0.0037,97.0506
1947,堡,568,0.0037,97.0543
1948,嚷,567,0.0036,97.0579
1949,挣,567,0.0036,97.0615
1950,淋,566,0.0036,97.0651
1951,陵,566,0.0036,97.0687
1952,彭,564,0.0036,97.0723
1953,茂,564,0.0036,97.0759
1954,吊,562,0.0036,97.0795
1955,愁,561,0.0036,97.0831
1956,巡,560,0.0036,97.0867
1957,寸,558,0.0036,97.0939
1958,纱,558,0.0036,97.0975
1959,惑,558,0.0036,97.0903
1960,董,557,0.0036,97.1011
1961,勾,556,0.0036,97.1047
1962,昂,555,0.0036,97.1083
1963,阐,555,0.0036,97.1119
1964,纬,554,0.0036,97.1155
1965,逢,554,0.0036,97.1191
1966,披,552,0.0036,97.1263
1967,恼,552,0.0036,97.1227
1968,佩,551,0.0035,97.1298
1969,妥,548,0.0035,97.1333
1970,萄,548,0.0035,97.1368
1971,迈,547,0.0035,97.1508
1972,坛,547,0.0035,97.1403
1973,署,547,0.0035,97.1473
1974,姨,547,0.0035,97.1543
1975,肾,547,0.0035,97.1438
1976,仲,545,0.0035,97.1578
1977,邀,544,0.0035,97.1613
1978,莱,544,0.0035,97.1648
1979,辽,544,0.0035,97.1683
1980,阀,543,0.0035,97.1718
1981,猜,541,0.0035,97.1753
1982,弥,541,0.0035,97.1788
1983,瞪,540,0.0035,97.1823
1984,韩,539,0.0035,97.1858
1985,臭,539,0.0035,97.1893
1986,脖,539,0.0035,97.1928
1987,掏,535,0.0034,97.1962
1988,妨,535,0.0034,97.1996
1989,燥,534,0.0034,97.203
1990,酷,534,0.0034,97.2064
1991,蚁,533,0.0034,97.2098
1992,鸿,532,0.0034,97.2132
1993,棚,531,0.0034,97.2166
1994,芦,531,0.0034,97.22
1995,漏,531,0.0034,97.2234
1996,凯,531,0.0034,97.2268
1997,浸,530,0.0034,97.2302
1998,舰,530,0.0034,97.2336
1999,狱,529,0.0034,97.237
2000,踪,528,0.0034,97.2404
2001,氛,528,0.0034,97.2438
2002,摘,528,0.0034,97.2472
2003,御,526,0.0034,97.2506
2004,蔡,525,0.0034,97.254
2005,扔,524,0.0034,97.2574
2006,硝,524,0.0034,97.2608
2007,裕,523,0.0034,97.2642
2008,氨,522,0.0034,97.2676
2009,竭,522,0.0034,97.271
2010,蚕,521,0.0034,97.2744
2011,疯,521,0.0034,97.2778
2012,坑,521,0.0034,97.2812
2013,愉,521,0.0034,97.2846
2014,矮,520,0.0033,97.2879
2015,嘉,520,0.0033,97.2912
2016,掠,519,0.0033,97.3011
2017,泄,519,0.0033,97.2945
2018,叉,519,0.0033,97.2978
2019,渴,517,0.0033,97.3044
2020,冶,517,0.0033,97.3077
2021,囊,515,0.0033,97.311
2022,辣,514,0.0033,97.3143
2023,菊,511,0.0033,97.3176
2024,凑,511,0.0033,97.3209
2025,歇,510,0.0033,97.3242
2026,嘻,510,0.0033,97.3275
2027,雇,509,0.0033,97.3308
2028,婴,508,0.0033,97.3374
2029,泌,508,0.0033,97.3407
2030,痕,508,0.0033,97.3341
2031,亭,506,0.0033,97.3506
2032,跌,506,0.0033,97.3473
2033,夕,506,0.0033,97.344
2034,册,505,0.0032,97.3538
2035,螺,505,0.0032,97.357
2036,贮,505,0.0032,97.3602
2037,淀,504,0.0032,97.3666
2038,贪,504,0.0032,97.3698
2039,庞,504,0.0032,97.3634
2040,铝,503,0.0032,97.373
2041,砖,503,0.0032,97.3762
2042,僚,502,0.0032,97.3794
2043,涛,502,0.0032,97.3826
2044,耶,502,0.0032,97.3858
2045,艳,502,0.0032,97.389
2046,玛,501,0.0032,97.3922
2047,拆,500,0.0032,97.3954
2048,绵,500,0.0032,97.3986
2049,遮,499,0.0032,97.4114
2050,慎,499,0.0032,97.4018
2051,贾,499,0.0032,97.405
2052,贤,499,0.0032,97.4082
2053,糟,498,0.0032,97.4178
2054,鹿,498,0.0032,97.421
2055,霸,498,0.0032,97.4146
2056,匹,497,0.0032,97.4242
2057,挡,496,0.0032,97.4338
2058,舱,496,0.0032,97.4274
2059,咳,496,0.0032,97.4306
2060,雀,495,0.0032,97.437
2061,赴,494,0.0032,97.4402
2062,蚀,493,0.0032,97.4434
2063,咽,492,0.0032,97.453
2064,饥,492,0.0032,97.4498
2065,鹰,492,0.0032,97.4466
2066,询,490,0.0032,97.4626
2067,嘿,490,0.0032,97.4562
2068,函,490,0.0032,97.4594
2069,堪,489,0.0031,97.4657
2070,嗓,488,0.0031,97.4719
2071,嫩,488,0.0031,97.475
2072,晴,488,0.0031,97.4688
2073,蹲,487,0.0031,97.4843
2074,辖,487,0.0031,97.4874
2075,豫,487,0.0031,97.4812
2076,酬,487,0.0031,97.4781
2077,剖,484,0.0031,97.4905
2078,钾,484,0.0031,97.4936
2079,尸,483,0.0031,97.4998
2080,胚,483,0.0031,97.4967
2081,悔,482,0.0031,97.5091
2082,雌,482,0.0031,97.506
2083,哦,482,0.0031,97.5029
2084,惩,481,0.0031,97.5122
2085,漆,481,0.0031,97.5153
2086,篮,480,0.0031,97.5184
2087,链,480,0.0031,97.5215
2088,筋,479,0.0031,97.5246
2089,摔,477,0.0031,97.5277
2090,遂,477,0.0031,97.5308
2091,叠,476,0.0031,97.5339
2092,霍,475,0.0031,97.537
2093,垄,475,0.0031,97.5401
2094,匪,475,0.0031,97.5432
2095,侯,475,0.0031,97.5463
2096,巾,473,0.003,97.5523
2097,贞,473,0.003,97.5493
2098,丘,472,0.003,97.5553
2099,滞,471,0.003,97.5583
2100,洒,471,0.003,97.5613
2101,纽,471,0.003,97.5643
2102,蓬,471,0.003,97.5673
2103,浙,470,0.003,97.5703
2104,潘,470,0.003,97.5733
2105,娜,469,0.003,97.5763
2106,矩,467,0.003,97.5793
2107,闯,466,0.003,97.5853
2108,盼,466,0.003,97.5823
2109,叛,465,0.003,97.5883
2110,履,464,0.003,97.5913
2111,霞,464,0.003,97.5943
2112,菲,463,0.003,97.6063
2113,瞬,463,0.003,97.6033
2114,奸,463,0.003,97.6003
2115,砍,463,0.003,97.5973
2116,敦,462,0.003,97.6093
2117,浆,462,0.003,97.6123
2118,儒,460,0.003,97.6153
2119,拓,460,0.003,97.6183
2120,僧,460,0.003,97.6213
2121,棋,460,0.003,97.6243
2122,芬,459,0.003,97.6273
2123,俺,459,0.003,97.6303
2124,慈,459,0.003,97.6333
2125,萧,458,0.0029,97.6391
2126,蛮,458,0.0029,97.6362
2127,郊,457,0.0029,97.642
2128,勉,455,0.0029,97.6507
2129,钉,455,0.0029,97.6449
2130,缠,455,0.0029,97.6478
2131,盯,453,0.0029,97.6536
2132,吾,453,0.0029,97.6565
2133,咕,453,0.0029,97.6594
2134,膨,452,0.0029,97.6623
2135,堵,451,0.0029,97.6652
2136,卜,450,0.0029,97.6681
2137,扁,450,0.0029,97.671
2138,葛,449,0.0029,97.6739
2139,哟,449,0.0029,97.6826
2140,寡,449,0.0029,97.6855
2141,鄂,449,0.0029,97.6768
2142,驰,449,0.0029,97.6797
2143,桶,448,0.0029,97.6884
2144,晒,448,0.0029,97.6913
2145,慕,447,0.0029,97.6942
2146,栏,446,0.0029,97.6971
2147,霜,446,0.0029,97.7
2148,谊,446,0.0029,97.7029
2149,哇,444,0.0029,97.7058
2150,畴,443,0.0028,97.7114
2151,隙,443,0.0028,97.7086
2152,孝,442,0.0028,97.7142
2153,押,442,0.0028,97.717
2154,竖,441,0.0028,97.7198
2155,喉,440,0.0028,97.7226
2156,欠,440,0.0028,97.7254
2157,衫,440,0.0028,97.7282
2158,吕,440,0.0028,97.731
2159,旬,440,0.0028,97.7338
2160,韵,440,0.0028,97.7366
2161,霉,439,0.0028,97.7394
2162,邪,438,0.0028,97.7478
2163,孕,438,0.0028,97.7534
2164,穆,438,0.0028,97.7506
2165,硅,438,0.0028,97.745
2166,峡,438,0.0028,97.7422
2167,湘,436,0.0028,97.7618
2168,澳,436,0.0028,97.7562
2169,羞,436,0.0028,97.759
2170,惧,435,0.0028,97.7646
2171,慨,435,0.0028,97.7674
2172,穴,433,0.0028,97.7702
2173,捞,433,0.0028,97.773
2174,辱,433,0.0028,97.7758
2175,棍,432,0.0028,97.7786
2176,撑,432,0.0028,97.7814
2177,炕,432,0.0028,97.7842
2178,窄,431,0.0028,97.787
2179,崖,431,0.0028,97.7954
2180,俱,431,0.0028,97.7982
2181,宅,431,0.0028,97.7926
2182,陕,431,0.0028,97.7898
2183,爽,430,0.0028,97.801
2184,鹅,430,0.0028,97.8038
2185,晰,430,0.0028,97.8066
2186,0,428,0.0028,97.8094
2187,巢,428,0.0028,97.8122
2188,绒,428,0.0028,97.815
2189,疫,428,0.0028,97.8178
2190,茎,427,0.0027,97.8205
2191,苹,427,0.0027,97.8232
2192,捧,426,0.0027,97.8259
2193,忌,426,0.0027,97.8286
2194,搏,426,0.0027,97.8313
2195,奈,424,0.0027,97.834
2196,躯,424,0.0027,97.8367
2197,惹,424,0.0027,97.8394
2198,焰,424,0.0027,97.8421
2199,岂,423,0.0027,97.8448
2200,甫,423,0.0027,97.8475
2201,艾,421,0.0027,97.8502
2202,拦,421,0.0027,97.8529
2203,趁,421,0.0027,97.8556
2204,缚,421,0.0027,97.8583
2205,祸,420,0.0027,97.8664
2206,橡,420,0.0027,97.861
2207,碧,420,0.0027,97.8637
2208,卑,420,0.0027,97.8691
2209,攀,419,0.0027,97.8718
2210,饼,417,0.0027,97.8745
2211,蔬,416,0.0027,97.8772
2212,譬,416,0.0027,97.8799
2213,灶,415,0.0027,97.8826
2214,赔,414,0.0027,97.8907
2215,粪,414,0.0027,97.8934
2216,颠,414,0.0027,97.888
2217,曰,414,0.0027,97.8853
2218,媒,413,0.0027,97.8961
2219,殿,412,0.0026,97.9013
2220,蛙,412,0.0026,97.8987
2221,衬,411,0.0026,97.9091
2222,钩,411,0.0026,97.9039
2223,逝,411,0.0026,97.9065
2224,哑,410,0.0026,97.9143
2225,艇,410,0.0026,97.9169
2226,罩,410,0.0026,97.9117
2227,裸,409,0.0026,97.9195
2228,岳,409,0.0026,97.9221
2229,庸,408,0.0026,97.9351
2230,嫌,408,0.0026,97.9325
2231,窃,408,0.0026,97.9299
2232,涵,408,0.0026,97.9273
2233,砂,408,0.0026,97.9247
2234,梨,407,0.0026,97.9455
2235,泊,407,0.0026,97.9429
2236,遣,407,0.0026,97.9403
2237,熔,407,0.0026,97.9377
2238,廉,406,0.0026,97.9507
2239,傲,406,0.0026,97.9481
2240,傻,405,0.0026,97.9533
2241,畏,404,0.0026,97.9559
2242,缴,403,0.0026,97.9585
2243,钙,403,0.0026,97.9611
2244,铅,402,0.0026,97.9663
2245,乔,402,0.0026,97.9637
2246,懒,401,0.0026,97.9689
2247,萍,401,0.0026,97.9715
2248,莉,400,0.0026,97.9741
2249,挽,399,0.0026,97.9767
2250,凄,399,0.0026,97.9793
2251,刮,396,0.0025,97.9818
2252,卓,396,0.0025,97.9843
2253,档,392,0.0025,97.9918
2254,妄,392,0.0025,97.9893
2255,劫,392,0.0025,97.9868
2256,阁,391,0.0025,97.9968
2257,掀,391,0.0025,97.9993
2258,哗,391,0.0025,98.0018
2259,藤,391,0.0025,97.9943
2260,吟,389,0.0025,98.0093
2261,杏,389,0.0025,98.0043
2262,颂,389,0.0025,98.0068
2263,梢,388,0.0025,98.0118
2264,罕,387,0.0025,98.0193
2265,沸,387,0.0025,98.0168
2266,滨,387,0.0025,98.0143
2267,翔,386,0.0025,98.0243
2268,汁,386,0.0025,98.0268
2269,戈,386,0.0025,98.0218
2270,愚,385,0.0025,98.0343
2271,○,385,0.0025,98.0318
2272,秧,385,0.0025,98.0293
2273,抒,384,0.0025,98.0368
2274,弊,384,0.0025,98.0393
2275,姜,384,0.0025,98.0418
2276,拘,383,0.0025,98.0518
2277,贩,383,0.0025,98.0493
2278,框,383,0.0025,98.0443
2279,屁,383,0.0025,98.0468
2280,喻,382,0.0025,98.0593
2281,嘱,382,0.0025,98.0543
2282,垫,382,0.0025,98.0568
2283,迪,381,0.0025,98.0618
2284,契,380,0.0024,98.0642
2285,弗,379,0.0024,98.069
2286,瑶,379,0.0024,98.0714
2287,赌,379,0.0024,98.0666
2288,堤,379,0.0024,98.0738
2289,哄,378,0.0024,98.0762
2290,旨,377,0.0024,98.0834
2291,晕,377,0.0024,98.081
2292,凳,377,0.0024,98.0786
2293,址,376,0.0024,98.0858
2294,彪,376,0.0024,98.0882
2295,踢,375,0.0024,98.093
2296,俊,375,0.0024,98.0954
2297,韦,375,0.0024,98.0978
2298,贼,375,0.0024,98.0906
2299,稚,374,0.0024,98.1026
2300,蝶,374,0.0024,98.105
2301,账,374,0.0024,98.1002
2302,凹,373,0.0024,98.1074
2303,帕,373,0.0024,98.1098
2304,携,371,0.0024,98.1122
2305,茅,370,0.0024,98.1146
2306,枢,369,0.0024,98.1242
2307,溃,369,0.0024,98.1218
2308,哨,369,0.0024,98.117
2309,枚,369,0.0024,98.1194
2310,驳,368,0.0024,98.129
2311,歧,368,0.0024,98.1266
2312,抄,367,0.0024,98.1314
2313,弓,367,0.0024,98.1338
2314,稼,366,0.0024,98.1362
2315,颁,366,0.0024,98.1386
2316,徽,366,0.0024,98.141
2317,杠,365,0.0023,98.1433
2318,泳,364,0.0023,98.1456
2319,蜡,364,0.0023,98.1479
2320,吻,363,0.0023,98.1502
2321,沾,363,0.0023,98.1525
2322,绣,363,0.0023,98.1548
2323,叮,362,0.0023,98.1594
2324,谨,362,0.0023,98.1617
2325,厨,362,0.0023,98.1571
2326,拐,361,0.0023,98.164
2327,宴,360,0.0023,98.1663
2328,鸦,360,0.0023,98.1686
2329,衷,360,0.0023,98.1709
2330,戚,360,0.0023,98.1732
2331,粹,358,0.0023,98.1755
2332,碑,358,0.0023,98.1778
2333,煮,357,0.0023,98.1801
2334,蕾,356,0.0023,98.1824
2335,淑,356,0.0023,98.1847
2336,逸,355,0.0023,98.187
2337,翁,355,0.0023,98.1893
2338,倘,354,0.0023,98.1916
2339,恳,354,0.0023,98.1939
2340,逊,353,0.0023,98.1962
2341,趟,353,0.0023,98.1985
2342,讼,351,0.0023,98.2008
2343,衍,351,0.0023,98.2031
2344,蔽,351,0.0023,98.2054
2345,胳,350,0.0023,98.21
2346,罐,350,0.0023,98.2077
2347,裙,349,0.0022,98.2122
2348,龟,349,0.0022,98.2144
2349,奠,349,0.0022,98.2166
2350,颌,348,0.0022,98.2188
2351,驴,348,0.0022,98.221
2352,撕,347,0.0022,98.2232
2353,蒂,346,0.0022,98.232
2354,姚,346,0.0022,98.2298
2355,滥,346,0.0022,98.2254
2356,恭,346,0.0022,98.2276
2357,耻,345,0.0022,98.2386
2358,蕴,345,0.0022,98.2342
2359,骄,345,0.0022,98.2364
2360,煌,344,0.0022,98.2408
2361,冤,343,0.0022,98.243
2362,瞎,343,0.0022,98.2452
2363,娇,343,0.0022,98.2474
2364,杭,343,0.0022,98.2496
2365,倦,342,0.0022,98.254
2366,愧,342,0.0022,98.2518
2367,淮,341,0.0022,98.2562
2368,柯,340,0.0022,98.2584
2369,聊,339,0.0022,98.2606
2370,侨,338,0.0022,98.2628
2371,萝,337,0.0022,98.265
2372,惟,337,0.0022,98.2672
2373,谅,337,0.0022,98.2694
2374,瘤,336,0.0022,98.2716
2375,蚂,336,0.0022,98.2738
2376,崔,336,0.0022,98.276
2377,廊,335,0.0022,98.2826
2378,溉,335,0.0022,98.2782
2379,铸,335,0.0022,98.2804
2380,髓,334,0.0021,98.2847
2381,碌,333,0.0021,98.2868
2382,拢,333,0.0021,98.2889
2383,沫,333,0.0021,98.291
2384,帅,331,0.0021,98.2931
2385,坟,331,0.0021,98.2952
2386,娱,331,0.0021,98.2973
2387,吏,331,0.0021,98.2994
2388,峻,330,0.0021,98.3036
2389,昼,330,0.0021,98.3057
2390,歉,330,0.0021,98.3015
2391,刹,329,0.0021,98.3078
2392,坝,329,0.0021,98.3099
2393,栖,328,0.0021,98.312
2394,捐,328,0.0021,98.3141
2395,渊,328,0.0021,98.3162
2396,傍,327,0.0021,98.3183
2397,叭,326,0.0021,98.3204
2398,鸽,326,0.0021,98.3225
2399,淘,324,0.0021,98.3246
2400,轿,324,0.0021,98.3267
2401,呜,324,0.0021,98.3288
2402,宰,323,0.0021,98.3309
2403,谦,323,0.0021,98.3351
2404,玄,323,0.0021,98.3372
2405,丙,323,0.0021,98.333
2406,愣,322,0.0021,98.3393
2407,朽,322,0.0021,98.3414
2408,跪,321,0.0021,98.3435
2409,券,320,0.0021,98.3456
2410,寓,320,0.0021,98.3477
2411,捏,319,0.0021,98.3519
2412,搅,319,0.0021,98.354
2413,笨,319,0.0021,98.3498
2414,槽,319,0.0021,98.3561
2415,咋,318,0.002,98.3661
2416,厦,318,0.002,98.3621
2417,爪,318,0.002,98.3581
2418,奎,318,0.002,98.3601
2419,榜,318,0.002,98.3641
2420,屠,317,0.002,98.3681
2421,耸,317,0.002,98.3701
2422,驼,317,0.002,98.3721
2423,甩,316,0.002,98.3761
2424,逮,316,0.002,98.3861
2425,殷,316,0.002,98.3781
2426,赚,316,0.002,98.3741
2427,歼,316,0.002,98.3801
2428,孢,316,0.002,98.3821
2429,僵,316,0.002,98.3841
2430,矣,315,0.002,98.3901
2431,锤,315,0.002,98.3881
2432,浴,314,0.002,98.3921
2433,呐,314,0.002,98.3941
2434,兹,314,0.002,98.3961
2435,坎,314,0.002,98.3981
2436,珊,313,0.002,98.4001
2437,苯,313,0.002,98.4021
2438,垦,312,0.002,98.4041
2439,兜,311,0.002,98.4101
2440,禅,311,0.002,98.4061
2441,芝,311,0.002,98.4081
2442,吁,311,0.002,98.4121
2443,酶,310,0.002,98.4141
2444,舆,310,0.002,98.4161
2445,惶,310,0.002,98.4181
2446,咐,310,0.002,98.4201
2447,瓷,309,0.002,98.4221
2448,陌,309,0.002,98.4241
2449,颖,309,0.002,98.4261
2450,帘,308,0.002,98.4301
2451,摧,308,0.002,98.4321
2452,赢,308,0.002,98.4281
2453,裹,308,0.002,98.4341
2454,瞅,307,0.002,98.4401
2455,卸,307,0.002,98.4361
2456,兆,307,0.002,98.4381
2457,咧,306,0.002,98.4421
2458,噢,306,0.002,98.4441
2459,仆,305,0.002,98.4461
2460,膊,304,0.002,98.4481
2461,醇,304,0.002,98.4501
2462,饶,304,0.002,98.4521
2463,嗯,303,0.0019,98.4578
2464,篷,303,0.0019,98.454
2465,膝,303,0.0019,98.4559
2466,肪,303,0.0019,98.4597
2467,寞,302,0.0019,98.4616
2468,挫,302,0.0019,98.4635
2469,俯,301,0.0019,98.4654
2470,桔,301,0.0019,98.4673
2471,蚊,301,0.0019,98.4692
2472,熙,300,0.0019,98.473
2473,巷,300,0.0019,98.4749
2474,眨,300,0.0019,98.4711
2475,烛,299,0.0019,98.4806
2476,踩,299,0.0019,98.4787
2477,缸,299,0.0019,98.4768
2478,屯,298,0.0019,98.4844
2479,顷,298,0.0019,98.4863
2480,鼎,298,0.0019,98.4825
2481,砸,297,0.0019,98.4882
2482,乾,297,0.0019,98.4901
2483,咸,297,0.0019,98.492
2484,沃,296,0.0019,98.4939
2485,衔,296,0.0019,98.4958
2486,俘,295,0.0019,98.4996
2487,熬,295,0.0019,98.4977
2488,喇,294,0.0019,98.5053
2489,芒,294,0.0019,98.5034
2490,钓,294,0.0019,98.5015
2491,侍,294,0.0019,98.5091
2492,禽,294,0.0019,98.5072
2493,桩,294,0.0019,98.511
2494,灿,294,0.0019,98.5129
2495,吼,293,0.0019,98.5167
2496,泣,293,0.0019,98.5186
2497,讽,293,0.0019,98.5205
2498,凸,293,0.0019,98.5148
2499,谭,292,0.0019,98.5224
2500,敞,291,0.0019,98.5262
2501,聘,291,0.0019,98.5243
2502,哺,290,0.0019,98.5281
2503,癌,289,0.0019,98.53
2504,浦,289,0.0019,98.5319
2505,躁,288,0.0019,98.5376
2506,卿,288,0.0019,98.5357
2507,勘,288,0.0019,98.5338
2508,窜,287,0.0018,98.543
2509,溢,287,0.0018,98.5448
2510,舟,287,0.0018,98.5412
2511,楞,287,0.0018,98.5394
2512,虹,286,0.0018,98.5466
2513,蛛,286,0.0018,98.5484
2514,耍,285,0.0018,98.5538
2515,饵,285,0.0018,98.552
2516,烷,285,0.0018,98.5502
2517,骚,284,0.0018,98.5556
2518,枣,284,0.0018,98.5574
2519,浇,284,0.0018,98.5592
2520,崩,283,0.0018,98.561
2521,蹦,282,0.0018,98.5628
2522,褐,281,0.0018,98.5646
2523,嘎,280,0.0018,98.5664
2524,俭,279,0.0018,98.57
2525,仑,279,0.0018,98.5718
2526,窟,279,0.0018,98.5754
2527,陡,279,0.0018,98.5736
2528,荫,279,0.0018,98.5682
2529,嚼,278,0.0018,98.5826
2530,倩,278,0.0018,98.5772
2531,钦,278,0.0018,98.579
2532,弧,278,0.0018,98.5808
2533,涡,277,0.0018,98.5844
2534,潭,276,0.0018,98.597
2535,坊,276,0.0018,98.5952
2536,缔,276,0.0018,98.5934
2537,廓,276,0.0018,98.5916
2538,佐,276,0.0018,98.5898
2539,夷,276,0.0018,98.5862
2540,眯,276,0.0018,98.588
2541,枕,275,0.0018,98.6024
2542,捣,275,0.0018,98.5988
2543,蹄,275,0.0018,98.6006
2544,猩,274,0.0018,98.6042
2545,狐,274,0.0018,98.606
2546,柄,273,0.0018,98.6078
2547,穗,272,0.0017,98.6095
2548,伞,272,0.0017,98.6112
2549,拚,272,0.0017,98.6129
2550,浊,271,0.0017,98.6197
2551,壶,271,0.0017,98.618
2552,冈,271,0.0017,98.6146
2553,搁,271,0.0017,98.6163
2554,屑,270,0.0017,98.6248
2555,谬,270,0.0017,98.6214
2556,拱,270,0.0017,98.6231
2557,魁,269,0.0017,98.6265
2558,祀,269,0.0017,98.6282
2559,荧,269,0.0017,98.6299
2560,誓,269,0.0017,98.6316
2561,斋,269,0.0017,98.6333
2562,虾,268,0.0017,98.6401
2563,绸,268,0.0017,98.635
2564,魄,268,0.0017,98.6384
2565,娟,268,0.0017,98.6418
2566,姊,268,0.0017,98.6367
2567,秃,267,0.0017,98.6435
2568,泻,267,0.0017,98.6452
2569,鹏,266,0.0017,98.6469
2570,蟹,265,0.0017,98.6486
2571,斌,265,0.0017,98.6503
2572,灼,264,0.0017,98.652
2573,扛,263,0.0017,98.6537
2574,镁,263,0.0017,98.6554
2575,瓣,262,0.0017,98.6571
2576,艘,261,0.0017,98.6605
2577,捆,261,0.0017,98.6622
2578,膏,261,0.0017,98.6588
2579,苇,260,0.0017,98.6639
2580,厢,260,0.0017,98.6656
2581,妮,260,0.0017,98.6673
2582,蒲,260,0.0017,98.669
2583,啸,259,0.0017,98.6707
2584,劈,259,0.0017,98.6724
2585,滤,259,0.0017,98.6741
2586,葱,259,0.0017,98.6758
2587,栗,258,0.0017,98.6775
2588,袍,258,0.0017,98.6792
2589,耽,258,0.0017,98.6809
2590,痴,257,0.0017,98.6826
2591,颊,257,0.0017,98.6843
2592,猿,256,0.0016,98.6859
2593,沪,256,0.0016,98.6875
2594,怯,255,0.0016,98.6907
2595,垒,255,0.0016,98.6923
2596,芭,255,0.0016,98.6939
2597,蔑,255,0.0016,98.6955
2598,絮,255,0.0016,98.6971
2599,咯,255,0.0016,98.6891
2600,笛,254,0.0016,98.6987
2601,嘲,253,0.0016,98.7003
2602,爵,253,0.0016,98.7019
2603,瞒,253,0.0016,98.7035
2604,冀,253,0.0016,98.7051
2605,赐,252,0.0016,98.7067
2606,酿,252,0.0016,98.7083
2607,烫,251,0.0016,98.7115
2608,惕,251,0.0016,98.7131
2609,逗,251,0.0016,98.7147
2610,挪,251,0.0016,98.7099
2611,吱,250,0.0016,98.7163
2612,淫,249,0.0016,98.7195
2613,糕,249,0.0016,98.7179
2614,剿,248,0.0016,98.7211
2615,拣,248,0.0016,98.7227
2616,琼,248,0.0016,98.7307
2617,塌,248,0.0016,98.7243
2618,渣,248,0.0016,98.7259
2619,澄,248,0.0016,98.7275
2620,赠,248,0.0016,98.7291
2621,媚,247,0.0016,98.7339
2622,荐,247,0.0016,98.7355
2623,暑,247,0.0016,98.7371
2624,鹤,247,0.0016,98.7323
2625,绅,246,0.0016,98.7387
2626,讶,246,0.0016,98.7403
2627,凿,246,0.0016,98.7419
2628,烁,246,0.0016,98.7467
2629,狮,246,0.0016,98.7435
2630,乒,246,0.0016,98.7451
2631,薛,245,0.0016,98.7499
2632,侮,245,0.0016,98.7515
2633,阎,245,0.0016,98.7531
2634,嗽,245,0.0016,98.7483
2635,朦,244,0.0016,98.7547
2636,喃,244,0.0016,98.7563
2637,埔,242,0.0016,98.7579
2638,蝇,241,0.0015,98.7594
2639,锣,241,0.0015,98.7609
2640,炒,241,0.0015,98.7624
2641,娶,241,0.0015,98.7639
2642,棕,240,0.0015,98.7699
2643,韧,240,0.0015,98.7729
2644,礁,240,0.0015,98.7714
2645,陀,240,0.0015,98.7744
2646,肆,240,0.0015,98.7654
2647,乖,240,0.0015,98.7669
2648,禄,240,0.0015,98.7684
2649,骆,239,0.0015,98.7804
2650,驯,239,0.0015,98.7759
2651,匙,239,0.0015,98.7774
2652,萎,239,0.0015,98.7789
2653,舶,238,0.0015,98.7819
2654,滔,238,0.0015,98.7834
2655,卤,238,0.0015,98.7849
2656,摹,238,0.0015,98.7864
2657,昔,238,0.0015,98.7879
2658,陋,237,0.0015,98.7894
2659,雁,237,0.0015,98.7924
2660,耿,237,0.0015,98.7939
2661,裳,237,0.0015,98.7909
2662,崭,236,0.0015,98.7954
2663,妆,236,0.0015,98.7969
2664,勋,236,0.0015,98.7984
2665,侣,235,0.0015,98.7999
2666,闸,235,0.0015,98.8014
2667,贬,234,0.0015,98.8029
2668,痰,234,0.0015,98.8059
2669,喧,234,0.0015,98.8044
2670,膛,234,0.0015,98.8104
2671,胧,234,0.0015,98.8089
2672,辫,234,0.0015,98.8074
2673,烯,232,0.0015,98.8119
2674,丫,231,0.0015,98.8224
2675,铀,231,0.0015,98.8254
2676,甸,231,0.0015,98.8239
2677,犁,231,0.0015,98.8209
2678,幢,231,0.0015,98.8194
2679,窑,231,0.0015,98.8269
2680,羡,231,0.0015,98.8179
2681,坪,231,0.0015,98.8164
2682,缀,231,0.0015,98.8134
2683,坤,231,0.0015,98.8149
2684,汹,230,0.0015,98.8314
2685,柑,230,0.0015,98.8299
2686,淹,230,0.0015,98.8284
2687,杉,229,0.0015,98.8329
2688,棺,228,0.0015,98.8389
2689,怖,228,0.0015,98.8344
2690,腻,228,0.0015,98.8359
2691,薯,228,0.0015,98.8374
2692,锈,227,0.0015,98.8404
2693,魅,227,0.0015,98.8449
2694,炳,227,0.0015,98.8434
2695,洽,227,0.0015,98.8419
2696,诵,226,0.0015,98.8464
2697,咪,226,0.0015,98.8479
2698,椎,226,0.0015,98.8494
2699,畔,226,0.0015,98.8509
2700,玫,226,0.0015,98.8524
2701,柿,225,0.0014,98.858
2702,帜,225,0.0014,98.8566
2703,桐,225,0.0014,98.8538
2704,襟,225,0.0014,98.8552
2705,筷,224,0.0014,98.8608
2706,帆,224,0.0014,98.8594
2707,唔,223,0.0014,98.8622
2708,匈,223,0.0014,98.8636
2709,嵌,222,0.0014,98.865
2710,梳,222,0.0014,98.8664
2711,鳞,222,0.0014,98.8678
2712,佣,222,0.0014,98.8692
2713,莎,221,0.0014,98.8776
2714,熄,221,0.0014,98.8706
2715,砌,221,0.0014,98.872
2716,昧,221,0.0014,98.8734
2717,噪,221,0.0014,98.8748
2718,簧,221,0.0014,98.8762
2719,婉,220,0.0014,98.879
2720,毯,220,0.0014,98.8804
2721,孵,220,0.0014,98.8818
2722,憾,220,0.0014,98.8832
2723,谎,219,0.0014,98.8846
2724,坠,218,0.0014,98.8902
2725,煞,218,0.0014,98.8888
2726,藉,218,0.0014,98.886
2727,嗡,218,0.0014,98.8874
2728,绑,218,0.0014,98.8916
2729,妖,217,0.0014,98.893
2730,蝴,217,0.0014,98.8972
2731,瑰,217,0.0014,98.8986
2732,揉,217,0.0014,98.8958
2733,苔,217,0.0014,98.8944
2734,拌,216,0.0014,98.9028
2735,莹,216,0.0014,98.9
2736,昭,216,0.0014,98.9014
2737,汰,215,0.0014,98.9056
2738,拂,215,0.0014,98.9042
2739,嗅,214,0.0014,98.9112
2740,钮,214,0.0014,98.9098
2741,鄙,214,0.0014,98.9084
2742,撰,214,0.0014,98.907
2743,盏,213,0.0014,98.9168
2744,烘,213,0.0014,98.9154
2745,谣,213,0.0014,98.914
2746,稣,213,0.0014,98.9126
2747,竿,212,0.0014,98.9182
2748,皖,212,0.0014,98.9196
2749,锥,210,0.0014,98.9238
2750,烃,210,0.0014,98.921
2751,犬,210,0.0014,98.9224
2752,喀,209,0.0013,98.9264
2753,-,209,0.0013,98.9277
2754,皂,209,0.0013,98.929
2755,蔓,209,0.0013,98.9303
2756,蕊,209,0.0013,98.9316
2757,疮,209,0.0013,98.9251
2758,咒,208,0.0013,98.9342
2759,僻,208,0.0013,98.9329
2760,炯,207,0.0013,98.9355
2761,寇,207,0.0013,98.9368
2762,铭,207,0.0013,98.9381
2763,薪,207,0.0013,98.9394
2764,恍,206,0.0013,98.9407
2765,辰,206,0.0013,98.942
2766,祈,205,0.0013,98.9433
2767,迭,205,0.0013,98.9446
2768,豁,204,0.0013,98.9472
2769,斩,204,0.0013,98.9485
2770,屡,204,0.0013,98.9459
2771,啼,203,0.0013,98.9511
2772,椒,203,0.0013,98.9524
2773,啡,203,0.0013,98.9537
2774,稽,203,0.0013,98.9498
2775,烤,203,0.0013,98.955
2776,澡,202,0.0013,98.9602
2777,籽,202,0.0013,98.9576
2778,洼,202,0.0013,98.9589
2779,茨,202,0.0013,98.9563
2780,榴,201,0.0013,98.9628
2781,唾,201,0.0013,98.9641
2782,巫,201,0.0013,98.9615
2783,乞,200,0.0013,98.9654
2784,焊,200,0.0013,98.9667
2785,杖,198,0.0013,98.9758
2786,贱,198,0.0013,98.9771
2787,咚,198,0.0013,98.9745
2788,蜘,198,0.0013,98.9732
2789,扒,198,0.0013,98.968
2790,隋,198,0.0013,98.9719
2791,晌,198,0.0013,98.9706
2792,暮,198,0.0013,98.9693
2793,涤,197,0.0013,98.9784
2794,茧,196,0.0013,98.981
2795,拴,196,0.0013,98.9823
2796,闽,196,0.0013,98.9849
2797,叨,196,0.0013,98.9797
2798,伽,196,0.0013,98.9836
2799,喳,195,0.0013,98.9862
2800,腕,194,0.0012,98.9874
2801,斧,194,0.0012,98.9886
2802,怔,194,0.0012,98.9898
2803,咖,194,0.0012,98.991
2804,啄,193,0.0012,98.9922
2805,溯,193,0.0012,98.9934
2806,踱,193,0.0012,98.9946
2807,沦,192,0.0012,98.997
2808,锄,192,0.0012,98.9982
2809,畸,192,0.0012,98.9994
2810,脓,192,0.0012,98.9958
2811,疙,191,0.0012,99.0018
2812,炊,191,0.0012,99.003
2813,擅,191,0.0012,99.0006
2814,粤,190,0.0012,99.0054
2815,虏,190,0.0012,99.0066
2816,豹,190,0.0012,99.0078
2817,榨,190,0.0012,99.009
2818,棱,190,0.0012,99.0102
2819,簇,190,0.0012,99.0114
2820,莺,190,0.0012,99.0126
2821,撇,190,0.0012,99.0138
2822,绎,190,0.0012,99.015
2823,尉,190,0.0012,99.0042
2824,柬,189,0.0012,99.0174
2825,涩,189,0.0012,99.0162
2826,乓,189,0.0012,99.0186
2827,觅,188,0.0012,99.0258
2828,茄,188,0.0012,99.0198
2829,涯,188,0.0012,99.021
2830,狩,188,0.0012,99.0222
2831,憎,188,0.0012,99.0234
2832,蔚,188,0.0012,99.0246
2833,挚,187,0.0012,99.0306
2834,姥,187,0.0012,99.0294
2835,袄,187,0.0012,99.027
2836,捡,187,0.0012,99.0282
2837,旷,186,0.0012,99.0354
2838,镶,186,0.0012,99.0318
2839,碘,186,0.0012,99.033
2840,袜,186,0.0012,99.0342
2841,丸,185,0.0012,99.0366
2842,糙,185,0.0012,99.0378
2843,鲸,184,0.0012,99.045
2844,铵,184,0.0012,99.0462
2845,倚,184,0.0012,99.0438
2846,矢,184,0.0012,99.0474
2847,锌,184,0.0012,99.0402
2848,褂,184,0.0012,99.0426
2849,牡,184,0.0012,99.039
2850,硕,184,0.0012,99.0414
2851,憨,182,0.0012,99.0498
2852,淌,182,0.0012,99.0486
2853,禾,181,0.0012,99.051
2854,尹,180,0.0012,99.0654
2855,荆,180,0.0012,99.0642
2856,苟,180,0.0012,99.063
2857,聋,180,0.0012,99.0618
2858,潇,180,0.0012,99.0606
2859,庐,180,0.0012,99.0594
2860,煎,180,0.0012,99.0522
2861,勿,180,0.0012,99.0582
2862,彬,180,0.0012,99.0666
2863,醋,180,0.0012,99.057
2864,梭,180,0.0012,99.0558
2865,秉,180,0.0012,99.0546
2866,嗦,180,0.0012,99.0534
2867,掷,179,0.0012,99.0678
2868,悼,179,0.0012,99.069
2869,噜,179,0.0012,99.0702
2870,茵,179,0.0012,99.0714
2871,蓉,179,0.0012,99.0726
2872,矫,178,0.0011,99.0737
2873,憋,177,0.0011,99.0792
2874,翘,177,0.0011,99.0748
2875,琢,177,0.0011,99.0759
2876,挠,177,0.0011,99.077
2877,吭,177,0.0011,99.0781
2878,兑,176,0.0011,99.0803
2879,蔗,176,0.0011,99.0814
2880,瑟,176,0.0011,99.0825
2881,痒,176,0.0011,99.0836
2882,琐,175,0.0011,99.0902
2883,酋,175,0.0011,99.0891
2884,廖,175,0.0011,99.088
2885,璋,175,0.0011,99.0869
2886,槐,175,0.0011,99.0847
2887,闺,175,0.0011,99.0858
2888,拧,175,0.0011,99.0913
2889,彰,174,0.0011,99.0924
2890,菱,174,0.0011,99.0935
2891,呕,174,0.0011,99.0946
2892,瘩,174,0.0011,99.0957
2893,筐,174,0.0011,99.0968
2894,搂,174,0.0011,99.0979
2895,焚,174,0.0011,99.099
2896,迄,174,0.0011,99.1001
2897,垮,173,0.0011,99.1045
2898,缕,173,0.0011,99.1034
2899,谜,173,0.0011,99.1067
2900,钥,173,0.0011,99.1012
2901,嘟,173,0.0011,99.1023
2902,蠢,173,0.0011,99.1056
2903,Ｏ,172,0.0011,99.1078
2904,蛤,172,0.0011,99.1089
2905,馈,172,0.0011,99.11
2906,咨,172,0.0011,99.1111
2907,敷,171,0.0011,99.1122
2908,缅,171,0.0011,99.1133
2909,聂,171,0.0011,99.1144
2910,宠,171,0.0011,99.1155
2911,禧,170,0.0011,99.1199
2912,沼,170,0.0011,99.1166
2913,巍,170,0.0011,99.1188
2914,榆,170,0.0011,99.121
2915,宛,170,0.0011,99.1177
2916,绷,169,0.0011,99.1221
2917,俞,169,0.0011,99.1232
2918,眶,169,0.0011,99.1243
2919,吩,168,0.0011,99.1254
2920,筛,168,0.0011,99.1265
2921,菩,168,0.0011,99.1276
2922,钞,168,0.0011,99.1287
2923,诈,167,0.0011,99.1309
2924,嗨,167,0.0011,99.1331
2925,葫,167,0.0011,99.1342
2926,佃,167,0.0011,99.1298
2927,酱,167,0.0011,99.132
2928,颓,166,0.0011,99.1353
2929,渺,166,0.0011,99.1364
2930,揽,166,0.0011,99.1375
2931,躬,166,0.0011,99.1386
2932,歹,166,0.0011,99.1397
2933,焕,166,0.0011,99.1408
2934,啪,165,0.0011,99.1419
2935,溅,165,0.0011,99.143
2936,栋,165,0.0011,99.1441
2937,沛,165,0.0011,99.1452
2938,砚,164,0.0011,99.1463
2939,霖,164,0.0011,99.1474
2940,囚,163,0.001,99.1484
2941,侄,163,0.001,99.1494
2942,妃,162,0.001,99.1524
2943,氓,162,0.001,99.1504
2944,狡,162,0.001,99.1514
2945,瞥,161,0.001,99.1534
2946,沁,161,0.001,99.1544
2947,揣,161,0.001,99.1554
2948,峭,161,0.001,99.1564
2949,樱,160,0.001,99.1574
2950,禹,160,0.001,99.1584
2951,岔,160,0.001,99.1594
2952,暇,160,0.001,99.1604
2953,檐,160,0.001,99.1614
2954,澜,160,0.001,99.1624
2955,涅,159,0.001,99.1644
2956,粥,159,0.001,99.1654
2957,馏,159,0.001,99.1634
2958,嗜,158,0.001,99.1664
2959,笃,158,0.001,99.1674
2960,麟,158,0.001,99.1684
2961,铲,158,0.001,99.1694
2962,寅,157,0.001,99.1704
2963,剔,157,0.001,99.1714
2964,尧,157,0.001,99.1724
2965,扼,156,0.001,99.1764
2966,赣,156,0.001,99.1754
2967,稠,156,0.001,99.1774
2968,屿,156,0.001,99.1734
2969,胺,156,0.001,99.1744
2970,帖,155,0.001,99.1814
2971,堕,155,0.001,99.1784
2972,亥,155,0.001,99.1794
2973,揪,155,0.001,99.1804
2974,梧,154,0.001,99.1824
2975,麓,154,0.001,99.1854
2976,瀑,154,0.001,99.1864
2977,窍,154,0.001,99.1844
2978,懈,154,0.001,99.1834
2979,淤,153,0.001,99.1934
2980,腮,153,0.001,99.1924
2981,腥,153,0.001,99.1914
2982,绞,153,0.001,99.1944
2983,鹃,153,0.001,99.1874
2984,卒,153,0.001,99.1904
2985,蕉,153,0.001,99.1894
2986,枫,153,0.001,99.1884
2987,脯,152,0.001,99.1954
2988,腑,152,0.001,99.1964
2989,碟,151,0.001,99.2024
2990,莽,151,0.001,99.2034
2991,毙,151,0.001,99.2014
2992,婷,151,0.001,99.2054
2993,磕,151,0.001,99.2004
2994,熏,151,0.001,99.1994
2995,酵,151,0.001,99.1974
2996,薇,151,0.001,99.1984
2997,溴,151,0.001,99.2044
2998,弛,150,0.001,99.2104
2999,挟,150,0.001,99.2094
3000,棘,150,0.001,99.2064
